{"stats":{"minecraft:picked_up":{"minecraft:birch_log":48,"minecraft:stick":177,"minecraft:birch_door":1,"minecraft:stone_axe":1,"minecraft:brown_mushroom":1,"minecraft:spyglass":1,"minecraft:porkchop":2,"dynamictrees:birch_seed":47,"minecraft:oak_log":30,"dynamictrees:oak_seed":8,"minecraft:bread":1},"minecraft:killed_by":{"minecraft:creeper":1},"minecraft:used":{"minecraft:stone_axe":28,"minecraft:spyglass":24,"minecraft:bread":1,"dynamictrees:birch_seed":48,"dynamictrees:oak_seed":8},"minecraft:mined":{"minecraft:brown_mushroom":1},"minecraft:dropped":{"minecraft:spyglass":1,"minecraft:chest":13},"minecraft:crafted":{"minecraft:chest":13,"minecraft:oak_planks":120,"minecraft:birch_planks":192},"minecraft:killed":{"minecraft:pig":1},"minecraft:custom":{"minecraft:open_chest":4,"minecraft:time_since_rest":30752,"minecraft:crouch_one_cm":708,"minecraft:play_time":69955,"minecraft:sprint_one_cm":30217,"minecraft:damage_taken":1267,"minecraft:walk_one_cm":221114,"minecraft:deaths":3,"minecraft:sneak_time":284,"minecraft:mob_kills":1,"minecraft:drop":14,"minecraft:jump":821,"minecraft:damage_dealt":104,"minecraft:time_since_death":36304,"minecraft:sleep_in_bed":2,"minecraft:total_world_time":69955,"minecraft:climb_one_cm":563,"minecraft:interact_with_crafting_table":3,"minecraft:fly_one_cm":18953,"minecraft:fall_one_cm":13961}},"DataVersion":3465}