{"stats":{"minecraft:picked_up":{"minecraft:birch_log":50,"minecraft:iron_chestplate":1,"minecraft:stick":216,"minecraft:birch_door":1,"minecraft:brown_mushroom":1,"minecraft:spyglass":1,"minecraft:porkchop":2,"minecraft:oak_log":30,"minecraft:iron_axe":1,"minecraft:iron_leggings":1,"minecraft:stone_axe":1,"minecraft:iron_helmet":1,"dynamictrees:birch_seed":51,"minecraft:bread":1,"dynamictrees:oak_seed":8,"minecraft:iron_pickaxe":1,"minecraft:iron_boots":1},"minecraft:killed_by":{"minecraft:creeper":1},"minecraft:used":{"minecraft:bread":1,"dynamictrees:birch_seed":48,"minecraft:iron_boots":1,"dynamictrees:oak_seed":8,"minecraft:iron_chestplate":1,"minecraft:stone_axe":33,"minecraft:spyglass":24,"minecraft:iron_leggings":1},"minecraft:mined":{"minecraft:brown_mushroom":1},"minecraft:dropped":{"minecraft:spyglass":1,"minecraft:chest":13},"minecraft:crafted":{"minecraft:oak_planks":120,"minecraft:cooked_porkchop":2,"minecraft:chest":13,"minecraft:birch_planks":192},"minecraft:killed":{"minecraft:pig":1},"minecraft:custom":{"minecraft:time_since_rest":5368,"minecraft:interact_with_furnace":3,"minecraft:sprint_one_cm":32662,"minecraft:damage_taken":1325,"minecraft:walk_one_cm":247520,"minecraft:mob_kills":1,"minecraft:drop":14,"minecraft:damage_dealt":104,"minecraft:interact_with_crafting_table":3,"minecraft:fly_one_cm":19005,"minecraft:open_chest":12,"minecraft:crouch_one_cm":719,"minecraft:play_time":81955,"minecraft:deaths":3,"minecraft:sneak_time":1266,"minecraft:jump":855,"minecraft:interact_with_blast_furnace":2,"minecraft:time_since_death":48304,"minecraft:sleep_in_bed":4,"minecraft:climb_one_cm":563,"minecraft:total_world_time":81955,"minecraft:fall_one_cm":13961}},"DataVersion":3465}