{"stats":{"minecraft:picked_up":{"minecraft:porkchop":5,"minecraft:wheat":1,"minecraft:wheat_seeds":2},"minecraft:custom":{"minecraft:jump":23,"minecraft:time_since_rest":22149,"minecraft:leave_game":4,"minecraft:crouch_one_cm":202,"minecraft:play_time":22149,"minecraft:sprint_one_cm":11347,"minecraft:time_since_death":22149,"minecraft:walk_one_cm":5988,"minecraft:sneak_time":101,"minecraft:total_world_time":22149,"minecraft:climb_one_cm":346,"vampirism:interact_with_totem":2,"minecraft:talked_to_villager":1,"minecraft:fall_one_cm":209,"minecraft:fly_one_cm":4092,"minecraft:open_chest":2},"minecraft:mined":{"minecraft:grass":3,"minecraft:wheat":1},"minecraft:used":{"minecraft:bread":1}},"DataVersion":3465}