{"stats":{"minecraft:mined":{"minecraft:wheat":1,"minecraft:grass":2},"minecraft:custom":{"minecraft:jump":7,"minecraft:open_chest":1,"minecraft:time_since_rest":13712,"minecraft:sprint_one_cm":2851,"minecraft:leave_game":3,"minecraft:play_time":13712,"minecraft:time_since_death":13712,"minecraft:walk_one_cm":1875,"minecraft:sneak_time":7,"minecraft:total_world_time":13712,"vampirism:interact_with_totem":2,"minecraft:fly_one_cm":598},"minecraft:picked_up":{"minecraft:wheat":1,"minecraft:wheat_seeds":2}},"DataVersion":3465}