{"stats":{"minecraft:picked_up":{"minecraft:pink_petals":1,"minecraft:wheat":1,"minecraft:wheat_seeds":4,"minecraft:hay_block":25,"minecraft:porkchop":5,"minecraft:oak_log":5,"minecraft:poppy":1,"minecraft:oak_planks":1,"minecraft:dirt":3},"minecraft:crafted":{"minecraft:oak_planks":20,"minecraft:crafting_table":1,"minecraft:stick":8,"minecraft:wheat":225},"minecraft:custom":{"minecraft:open_chest":3,"minecraft:time_since_rest":14891,"minecraft:crouch_one_cm":1166,"minecraft:sprint_one_cm":45702,"minecraft:play_time":40149,"minecraft:damage_taken":280,"minecraft:walk_one_cm":34890,"minecraft:bell_ring":5,"minecraft:sneak_time":361,"vampirism:interact_with_totem":2,"minecraft:jump":103,"minecraft:damage_dealt":18,"minecraft:leave_game":4,"minecraft:time_since_death":40149,"minecraft:sleep_in_bed":1,"minecraft:climb_one_cm":346,"minecraft:total_world_time":40149,"minecraft:interact_with_crafting_table":1,"minecraft:talked_to_villager":3,"minecraft:fall_one_cm":2997,"minecraft:fly_one_cm":21575},"minecraft:mined":{"minecraft:hay_block":25,"minecraft:grass":9,"dynamictrees:oak_leaves":1,"minecraft:poppy":1,"minecraft:tall_grass":4,"minecraft:wheat":1,"minecraft:oak_planks":1,"minecraft:oak_log":5,"minecraft:grass_block":3},"minecraft:used":{"minecraft:pink_petals":1,"minecraft:dirt":2,"minecraft:crafting_table":1,"minecraft:bread":4}},"DataVersion":3465}