{"stats":{"minecraft:picked_up":{"minecraft:pink_petals":1,"minecraft:wheat":1,"minecraft:wheat_seeds":3,"minecraft:hay_block":25,"minecraft:porkchop":5,"minecraft:poppy":1,"minecraft:oak_planks":1},"minecraft:crafted":{"minecraft:wheat":225},"minecraft:custom":{"minecraft:open_chest":3,"minecraft:time_since_rest":8891,"minecraft:crouch_one_cm":1140,"minecraft:sprint_one_cm":28358,"minecraft:play_time":34149,"minecraft:damage_taken":80,"minecraft:walk_one_cm":17232,"minecraft:sneak_time":355,"vampirism:interact_with_totem":2,"minecraft:jump":62,"minecraft:leave_game":4,"minecraft:time_since_death":34149,"minecraft:sleep_in_bed":1,"minecraft:climb_one_cm":346,"minecraft:total_world_time":34149,"minecraft:talked_to_villager":3,"minecraft:fall_one_cm":1318,"minecraft:fly_one_cm":10955},"minecraft:mined":{"minecraft:hay_block":25,"minecraft:grass":4,"dynamictrees:oak_leaves":1,"minecraft:poppy":1,"minecraft:tall_grass":2,"minecraft:wheat":1,"minecraft:oak_planks":1},"minecraft:used":{"minecraft:pink_petals":1,"minecraft:bread":3}},"DataVersion":3465}