{"stats":{"minecraft:mined":{"minecraft:wheat":1,"minecraft:grass":3},"minecraft:custom":{"minecraft:jump":23,"minecraft:open_chest":2,"minecraft:time_since_rest":20744,"minecraft:crouch_one_cm":202,"minecraft:sprint_one_cm":11347,"minecraft:leave_game":4,"minecraft:play_time":20744,"minecraft:time_since_death":20744,"minecraft:walk_one_cm":5988,"minecraft:sneak_time":101,"minecraft:climb_one_cm":346,"minecraft:total_world_time":20744,"minecraft:fall_one_cm":209,"minecraft:talked_to_villager":1,"vampirism:interact_with_totem":2,"minecraft:fly_one_cm":4092},"minecraft:picked_up":{"minecraft:wheat":1,"minecraft:wheat_seeds":2,"minecraft:porkchop":5},"minecraft:used":{"minecraft:bread":1}},"DataVersion":3465}