{"stats":{"minecraft:picked_up":{"minecraft:charcoal":4,"minecraft:crafting_table":6,"minecraft:wheat":4,"minecraft:smithing_table":1,"minecraft:brewing_stand":1,"minecraft:shield":1,"iceandfire:manuscript":6,"paraglider:goddess_statue":2,"minecraft:string":14,"minecraft:red_bed":1,"minecraft:item_frame":1,"minecraft:cracked_stone_bricks":5,"minecraft:gold_nugget":11,"minecraft:beef":1,"minecraft:cobblestone_slab":6,"dynamictrees:oak_seed":1,"minecraft:spruce_slab":3,"minecraft:lectern":1,"minecraft:melon_slice":2,"minecraft:furnace":2,"minecraft:egg":1,"iceandfire:ghost_chest":1,"minecraft:stick":14,"minecraft:raw_iron":126,"minecraft:copper_ingot":1,"minecraft:oak_fence":1,"minecraft:torch":2,"sophisticatedbackpacks:backpack":1,"minecraft:blue_carpet":1,"blue_skies:lunar_cobblestone":2,"minecraft:rotten_flesh":1,"minecraft:hay_block":7,"minecraft:iron_bars":8,"minecraft:cobblestone":147,"minecraft:stripped_oak_log":1,"minecraft:birch_log":6,"vampirism:weapon_table":1,"minecraft:cooked_beef":6,"minecraft:orange_carpet":1,"minecraft:leather":4,"minecraft:birch_planks":1,"blue_skies:moonstone":3,"paraglider:spirit_orb":6,"minecraft:oak_log":7,"iceandfire:ectoplasm":3,"minecraft:yellow_bed":4,"minecraft:cobblestone_stairs":3,"minecraft:dirt":5,"minecraft:bone":12,"minecraft:apple":4,"minecraft:stone_bricks":3,"minecraft:wheat_seeds":9,"minecraft:iron_ingot":1,"blue_skies:lunar_stonebrick":13,"minecraft:stone_pickaxe":1,"dynamictrees:birch_seed":4,"minecraft:grindstone":1,"minecraft:cobweb":3,"minecraft:oak_planks":3,"vampirism:potion_table":1,"vampirism:crucifix_normal":2,"minecraft:birch_stairs":1,"justhammers:stone_hammer":1,"minecraft:blast_furnace":1,"minecraft:spider_eye":1,"vampirism:oil_bottle":1,"waystones:waystone":1,"minecraft:writable_book":1,"minecraft:emerald":9,"minecraft:bread":2,"biomesoplenty:pink_daffodil":1,"minecraft:coal":46},"minecraft:killed_by":{"alexsmobs:bison":1,"iceandfire:sea_serpent":2},"minecraft:used":{"minecraft:writable_book":1,"minecraft:stone_sword":81,"minecraft:shield":2,"minecraft:cooked_chicken":1,"minecraft:torch":16,"paraglider:goddess_statue":1,"minecraft:dirt":4,"minecraft:spyglass":14,"blue_skies:zeal_lighter":1,"minecraft:wooden_axe":3,"blue_skies:lunar_stonebrick":1,"minecraft:iron_axe":3,"minecraft:iron_helmet":1,"dynamictrees:birch_seed":1,"tombstone:gift":2,"minecraft:cooked_beef":10,"blue_skies:moonstone":1,"minecraft:stone_pickaxe":96,"minecraft:wooden_pickaxe":9,"minecraft:orange_carpet":1,"minecraft:crafting_table":5,"sophisticatedbackpacks:backpack":1,"minecraft:apple":6,"minecraft:bread":2,"minecraft:iron_pickaxe":28,"justhammers:stone_hammer":38,"minecraft:stone_axe":14,"minecraft:blue_carpet":1,"minecraft:cobblestone":9,"minecraft:cooked_porkchop":3,"minecraft:yellow_bed":3,"minecraft:cobweb":3},"minecraft:mined":{"minecraft:blue_carpet":1,"blue_skies:lunar_cobblestone":2,"minecraft:brewing_stand":1,"minecraft:grass_block":6,"vampirism:weapon_table":1,"minecraft:spawner":3,"minecraft:hay_block":7,"vampirism:potion_table":1,"minecraft:furnace":2,"minecraft:iron_ore":50,"blue_skies:lunar_stonebrick":13,"minecraft:vine":1,"biomesoplenty:high_grass":2,"blue_skies:spider_webbing":10,"minecraft:cobblestone_slab":1,"minecraft:iron_bars":9,"minecraft:stripped_oak_log":1,"minecraft:stone":13,"sophisticatedbackpacks:backpack":1,"minecraft:spruce_slab":3,"minecraft:smithing_table":1,"minecraft:birch_stairs":1,"minecraft:red_bed":1,"minecraft:oak_fence":1,"minecraft:crafting_table":6,"minecraft:blast_furnace":1,"dynamictrees:birch_sapling":1,"minecraft:emerald_ore":6,"iceandfire:ghost_chest":1,"minecraft:lectern":1,"minecraft:tall_grass":1,"biomesoplenty:high_grass_plant":1,"minecraft:cobblestone":3,"biomesoplenty:huge_clover_petal":2,"minecraft:grindstone":1,"minecraft:oak_planks":4,"minecraft:wall_torch":1,"minecraft:orange_carpet":1,"minecraft:birch_planks":1,"minecraft:wheat":4,"biomesoplenty:pink_daffodil":1,"minecraft:yellow_bed":4,"minecraft:grass":4,"biomesoplenty:clover":6,"minecraft:coal_ore":21,"minecraft:cobweb":5,"paraglider:goddess_statue":2},"minecraft:crafted":{"minecraft:oak_planks":4,"blue_skies:zeal_lighter":1,"minecraft:pink_dye":1,"minecraft:iron_boots":2,"minecraft:iron_axe":1,"minecraft:stone_pickaxe":1,"minecraft:chest":1,"sophisticatedbackpacks:iron_backpack":1,"minecraft:coal_block":1,"sophisticatedbackpacks:backpack":1,"minecraft:crafting_table":1,"minecraft:wooden_pickaxe":1,"minecraft:iron_helmet":1,"minecraft:birch_planks":24,"minecraft:bread":1,"minecraft:air":0,"minecraft:iron_chestplate":1,"minecraft:shield":2,"minecraft:iron_pickaxe":1,"minecraft:iron_ingot":35,"minecraft:wooden_axe":1,"minecraft:stone_sword":1,"minecraft:iron_leggings":1},"minecraft:dropped":{"vampirism:item_garlic":1,"minecraft:bread":1,"minecraft:iron_ingot":8,"minecraft:birch_planks":1,"minecraft:wheat_seeds":9,"dynamictrees:birch_seed":3,"minecraft:oak_fence":1,"minecraft:cracked_stone_bricks":2,"minecraft:item_frame":1,"minecraft:cobblestone_stairs":1,"minecraft:dirt":1,"minecraft:wooden_axe":1,"minecraft:writable_book":1,"minecraft:string":4,"minecraft:birch_stairs":1,"minecraft:stone_axe":1,"minecraft:cooked_chicken":1,"minecraft:pink_dye":1,"minecraft:wheat":1,"minecraft:rotten_flesh":1,"minecraft:oak_planks":1,"minecraft:iron_boots":1,"minecraft:cobblestone_slab":6,"iceandfire:ghost_chest":1,"minecraft:shield":2,"minecraft:leather_boots":1,"minecraft:stone_bricks":3,"minecraft:spider_eye":1,"minecraft:iron_bars":8,"minecraft:stone_pickaxe":1,"minecraft:wooden_pickaxe":1,"minecraft:brick":10},"minecraft:killed":{"minecraft:spider":2,"alexsmobs:tasmanian_devil":1,"minecraft:horse":1,"minecraft:zombie":1,"minecraft:cow":2},"minecraft:custom":{"minecraft:mob_kills":7,"minecraft:interact_with_crafting_table":28,"minecraft:open_barrel":3,"minecraft:eat_cake_slice":4,"minecraft:leave_game":1,"minecraft:time_since_death":9348,"minecraft:climb_one_cm":7018,"minecraft:sprint_one_cm":351397,"minecraft:walk_one_cm":197026,"minecraft:damage_blocked_by_shield":140,"vampirism:interact_with_totem":1,"minecraft:drop":53,"minecraft:talked_to_villager":3,"minecraft:play_time":175776,"minecraft:deaths":3,"minecraft:sneak_time":2129,"minecraft:walk_under_water_one_cm":874,"minecraft:jump":2276,"minecraft:interact_with_blast_furnace":1,"minecraft:walk_on_water_one_cm":1984,"minecraft:total_world_time":175776,"minecraft:interact_with_furnace":16,"minecraft:traded_with_villager":1,"minecraft:sleep_in_bed":8,"minecraft:time_since_rest":4948,"minecraft:waystone_activated":1,"minecraft:damage_taken":2126,"minecraft:damage_dealt":1990,"minecraft:fly_one_cm":464179,"minecraft:open_chest":29,"minecraft:crouch_one_cm":3634,"tombstone:undead_killed":1,"minecraft:fall_one_cm":69113}},"DataVersion":3465}