{"stats":{"minecraft:mined":{"minecraft:blue_carpet":18,"minecraft:white_bed":1,"minecraft:cherry_log":6,"minecraft:cobblestone_stairs":7,"minecraft:brewing_stand":4,"minecraft:grass_block":125,"minecraft:jungle_log":1,"vampirism:weapon_table":4,"blue_skies:scalefruits":3,"minecraft:spawner":9,"minecraft:magma_block":1,"minecraft:mossy_cobblestone_slab":2,"minecraft:mossy_cobblestone_stairs":1,"minecraft:iron_ore":50,"biomesoplenty:violet":1,"blue_skies:lunar_stonebrick":16,"minecraft:anvil":3,"minecraft:dirt_path":12,"blue_skies:spider_webbing":10,"minecraft:oak_stairs":13,"minecraft:iron_bars":9,"cfm:oak_kitchen_counter":3,"minecraft:iron_block":8,"minecraft:spruce_slab":5,"minecraft:red_bed":2,"biomesoplenty:potted_violet":2,"minecraft:torch":1,"minecraft:blast_furnace":5,"dynamictrees:birch_sapling":1,"minecraft:melon":10,"iceandfire:ghost_chest":1,"minecraft:chest":5,"minecraft:cobblestone":68,"minecraft:grindstone":1,"minecraft:oak_planks":29,"minecraft:wall_torch":4,"minecraft:pink_petals":2,"evilcraft:dark_ore_deepslate":1,"minecraft:wheat":38,"minecraft:lilac":1,"dynamictrees:birch_leaves":3,"minecraft:stone_brick_stairs":20,"minecraft:grass":38,"biomesoplenty:clover":8,"minecraft:oak_log":15,"minecraft:oak_fence_gate":2,"minecraft:dirt":35,"minecraft:light_gray_stained_glass_pane":18,"blue_skies:lunar_cobblestone":2,"minecraft:mossy_cobblestone":1,"minecraft:oak_door":5,"minecraft:hay_block":16,"dynamictrees:oak_leaves":10,"blue_skies:potted_briskbloom":1,"cfm:oak_crate":3,"vampirism:potion_table":1,"minecraft:furnace":6,"minecraft:bell":1,"minecraft:potatoes":3,"biomesoplenty:high_grass":2,"minecraft:cobblestone_slab":2,"minecraft:vine":3,"minecraft:lantern":1,"minecraft:stripped_oak_log":1,"minecraft:stone":18,"sophisticatedbackpacks:backpack":1,"minecraft:smithing_table":2,"minecraft:oak_slab":14,"minecraft:birch_stairs":1,"minecraft:cherry_planks":39,"minecraft:potted_lily_of_the_valley":1,"minecraft:oak_fence":5,"minecraft:crafting_table":7,"minecraft:cornflower":10,"minecraft:emerald_ore":6,"minecraft:lectern":1,"biomesoplenty:high_grass_plant":1,"minecraft:tall_grass":1,"biomesoplenty:huge_clover_petal":2,"minecraft:blue_bed":2,"minecraft:orange_carpet":10,"minecraft:birch_planks":1,"cfm:oak_chair":4,"minecraft:cobblestone_wall":4,"biomesoplenty:pink_daffodil":1,"minecraft:white_carpet":16,"minecraft:yellow_bed":6,"minecraft:coal_ore":24,"minecraft:cocoa":3,"vampirism:fire_place":4,"minecraft:flower_pot":2,"minecraft:cobweb":10,"minecraft:cracked_stone_bricks":12,"minecraft:stone_bricks":46,"minecraft:mossy_stone_bricks":5,"minecraft:birch_fence":1,"minecraft:fern":4,"paraglider:goddess_statue":2},"minecraft:custom":{"minecraft:animals_bred":11,"minecraft:interact_with_crafting_table":85,"minecraft:open_barrel":10,"minecraft:eat_cake_slice":4,"minecraft:leave_game":13,"minecraft:time_since_death":20320,"minecraft:sprint_one_cm":1040254,"minecraft:damage_blocked_by_shield":440,"vampirism:interact_with_totem":1,"minecraft:drop":179,"minecraft:talked_to_villager":3,"minecraft:play_time":541459,"minecraft:deaths":9,"minecraft:jump":5471,"minecraft:interact_with_brewingstand":1,"minecraft:walk_on_water_one_cm":3317,"minecraft:interact_with_furnace":28,"minecraft:traded_with_villager":1,"minecraft:sleep_in_bed":32,"minecraft:waystone_activated":5,"minecraft:damage_dealt":13222,"minecraft:crouch_one_cm":12283,"tombstone:undead_killed":39,"minecraft:interact_with_smithing_table":5,"minecraft:mob_kills":64,"minecraft:interact_with_anvil":2,"minecraft:climb_one_cm":12776,"minecraft:walk_one_cm":936417,"minecraft:sneak_time":6631,"minecraft:walk_under_water_one_cm":874,"minecraft:interact_with_blast_furnace":28,"minecraft:total_world_time":541459,"minecraft:pot_flower":3,"minecraft:time_since_rest":3192,"minecraft:damage_absorbed":160,"minecraft:damage_taken":5233,"minecraft:fly_one_cm":971366,"minecraft:open_chest":280,"minecraft:fall_one_cm":169088},"minecraft:crafted":{"minecraft:oak_planks":160,"paraglider:deku_leaf":2,"minecraft:iron_boots":4,"minecraft:chest":11,"cfm:oak_kitchen_counter":8,"minecraft:birch_door":3,"minecraft:oak_fence":9,"minecraft:oak_slab":30,"sophisticatedbackpacks:backpack":1,"minecraft:crafting_table":2,"minecraft:wooden_pickaxe":1,"minecraft:iron_helmet":3,"minecraft:birch_planks":120,"minecraft:iron_chestplate":3,"minecraft:shield":3,"minecraft:stick":28,"minecraft:iron_ingot":175,"minecraft:iron_pickaxe":4,"minecraft:iron_block":2,"minecraft:stone_sword":1,"minecraft:gold_ingot":1,"minecraft:composter":3,"minecraft:shears":1,"minecraft:cherry_planks":76,"blue_skies:zeal_lighter":1,"minecraft:pink_dye":1,"minecraft:iron_axe":3,"minecraft:stone_pickaxe":1,"minecraft:cobblestone_wall":12,"cfm:oak_crate":2,"minecraft:wheat":117,"sophisticatedbackpacks:iron_backpack":1,"minecraft:coal_block":2,"paraglider:paraglider":1,"minecraft:iron_sword":2,"minecraft:blue_bed":1,"sophisticatedbackpacks:gold_backpack":4,"minecraft:jungle_slab":6,"minecraft:bread":22,"minecraft:air":0,"minecraft:jungle_planks":4,"minecraft:blue_dye":10,"minecraft:oak_fence_gate":3,"justhammers:iron_hammer":1,"minecraft:wooden_axe":1,"minecraft:oak_stairs":64,"minecraft:iron_shovel":1,"minecraft:iron_leggings":3,"minecraft:anvil":1,"cfm:oak_chair":4},"minecraft:picked_up":{"minecraft:birch_door":1,"minecraft:wheat":32,"minecraft:flower_pot":6,"minecraft:anvil":2,"minecraft:smithing_table":2,"minecraft:oak_stairs":13,"biomesoplenty:violet":4,"minecraft:stone_brick_stairs":44,"blue_skies:scalefruit":8,"minecraft:brewing_stand":4,"iceandfire:manuscript":30,"paraglider:goddess_statue":2,"minecraft:string":60,"cfm:oak_kitchen_counter":4,"minecraft:gold_nugget":17,"minecraft:cobblestone_slab":8,"dynamictrees:oak_seed":17,"minecraft:melon_slice":49,"minecraft:furnace":10,"minecraft:stick":183,"iceandfire:ghost_chest":1,"minecraft:oak_fence":4,"minecraft:torch":8,"minecraft:cherry_log":55,"tombstone:grave_dust":8,"vampirism:vampire_fang":1,"blue_skies:lunar_cobblestone":2,"minecraft:rotten_flesh":24,"relics:horse_flute":2,"minecraft:iron_block":9,"minecraft:blue_dye":24,"minecraft:iron_bars":8,"minecraft:cobblestone":240,"minecraft:pink_petals":8,"minecraft:mossy_cobblestone_slab":2,"minecraft:birch_log":32,"vampirism:vampire_book":1,"vampirism:weapon_table":4,"minecraft:magma_block":1,"minecraft:leather_chestplate":1,"minecraft:cooked_beef":6,"minecraft:feather":20,"minecraft:lilac":2,"minecraft:cherry_planks":38,"minecraft:jungle_log":1,"minecraft:orange_carpet":13,"minecraft:golden_leggings":1,"minecraft:potato":6,"alexsmobs:bear_fur":1,"paraglider:spirit_orb":18,"evilcraft:flesh_humanoid":1,"minecraft:dirt":195,"minecraft:lantern":1,"minecraft:bone":23,"minecraft:bow":3,"minecraft:wheat_seeds":87,"minecraft:bell":1,"vampirism:item_garlic":8,"minecraft:grindstone":1,"minecraft:mossy_stone_bricks":17,"minecraft:oak_planks":28,"vampirism:potion_table":1,"vampirism:crucifix_normal":2,"minecraft:grass_block":7,"minecraft:lily_of_the_valley":1,"minecraft:jungle_slab":6,"minecraft:mossy_cobblestone":2,"minecraft:polished_andesite":3,"vampirism:oil_bottle":1,"waystones:waystone":4,"minecraft:writable_book":1,"minecraft:bone_meal":2,"minecraft:emerald":10,"minecraft:bread":2,"biomesoplenty:pink_daffodil":1,"minecraft:cocoa_beans":9,"minecraft:charcoal":4,"minecraft:crafting_table":7,"minecraft:shield":1,"minecraft:cornflower":10,"minecraft:red_bed":2,"minecraft:item_frame":1,"minecraft:white_carpet":20,"minecraft:birch_fence":7,"minecraft:cracked_stone_bricks":72,"minecraft:beef":7,"minecraft:lectern":1,"minecraft:spruce_slab":5,"minecraft:chest":19,"minecraft:egg":7,"minecraft:raw_iron":170,"minecraft:oak_door":6,"minecraft:copper_ingot":5,"sophisticatedbackpacks:backpack":1,"minecraft:redstone":3,"minecraft:blue_carpet":20,"blue_skies:briskbloom":1,"minecraft:arrow":11,"minecraft:beetroot_seeds":1,"blue_skies:scalefruit_seeds":14,"minecraft:hay_block":16,"minecraft:stripped_oak_log":1,"minecraft:birch_leaves":3,"cfm:oak_crate":3,"minecraft:leather":8,"cfm:oak_chair":4,"minecraft:birch_planks":7,"blue_skies:moonstone":11,"minecraft:oak_log":54,"iceandfire:ectoplasm":15,"minecraft:yellow_bed":7,"minecraft:cobblestone_wall":4,"minecraft:cobblestone_stairs":28,"minecraft:blue_bed":2,"minecraft:apple":4,"minecraft:stone_bricks":62,"dynamictrees:birch_seed":88,"minecraft:oak_fence_gate":2,"blue_skies:lunar_stonebrick":28,"minecraft:iron_ingot":33,"minecraft:stone_pickaxe":2,"minecraft:cobweb":3,"minecraft:oak_slab":29,"vampirism:fire_place":5,"minecraft:spyglass":3,"minecraft:birch_stairs":1,"justhammers:stone_hammer":1,"minecraft:blast_furnace":6,"minecraft:white_bed":1,"minecraft:spider_eye":1,"minecraft:leather_helmet":1,"blue_skies:zeal_lighter":1,"evilcraft:dark_gem":4,"dynamictrees:cherry_seed":21,"minecraft:mossy_cobblestone_stairs":1,"tombstone:magic_scroll":2,"minecraft:coal":75,"minecraft:ender_pearl":6},"minecraft:killed_by":{"iceandfire:sea_serpent":2,"minecraft:zombie":1,"minecraft:enderman":1,"alexsmobs:bison":1,"minecraft:skeleton":1},"minecraft:dropped":{"minecraft:birch_planks":1,"minecraft:ender_pearl":3,"iceandfire:ectoplasm":9,"minecraft:cracked_stone_bricks":46,"relics:horse_flute":1,"minecraft:item_frame":1,"minecraft:cobblestone_stairs":16,"minecraft:dirt":5,"minecraft:writable_book":1,"minecraft:gold_nugget":4,"minecraft:iron_pickaxe":1,"minecraft:birch_log":1,"minecraft:birch_stairs":1,"minecraft:bone":8,"minecraft:stone_axe":2,"minecraft:spyglass":3,"minecraft:cooked_chicken":1,"minecraft:pink_dye":1,"minecraft:wheat":1,"minecraft:rotten_flesh":19,"minecraft:oak_planks":1,"iceandfire:ghost_chest":1,"cfm:oak_crate":2,"minecraft:leather_boots":1,"minecraft:birch_door":2,"minecraft:chest":1,"minecraft:iron_bars":8,"minecraft:arrow":1,"minecraft:stone_brick_stairs":18,"iceandfire:manuscript":18,"vampirism:item_garlic":5,"minecraft:iron_ingot":8,"minecraft:bread":2,"minecraft:oak_slab":12,"minecraft:wheat_seeds":21,"minecraft:lilac":2,"dynamictrees:birch_seed":72,"minecraft:mossy_cobblestone":1,"minecraft:oak_fence":2,"blue_skies:moonstone":6,"minecraft:iron_helmet":1,"minecraft:feather":10,"minecraft:copper_ingot":3,"minecraft:grass_block":3,"blue_skies:zeal_lighter":1,"biomesoplenty:violet":1,"minecraft:jungle_slab":6,"minecraft:blue_dye":18,"tombstone:magic_scroll":1,"minecraft:wooden_axe":1,"tombstone:grave_dust":1,"minecraft:iron_leggings":1,"minecraft:iron_axe":1,"minecraft:string":34,"minecraft:redstone":3,"minecraft:furnace":2,"vampirism:fire_place":1,"minecraft:white_carpet":3,"minecraft:iron_boots":2,"minecraft:cobblestone_slab":7,"minecraft:shield":3,"minecraft:iron_chestplate":1,"minecraft:mossy_stone_bricks":9,"minecraft:spider_eye":1,"minecraft:stone_bricks":3,"minecraft:stone_pickaxe":2,"minecraft:wooden_pickaxe":1,"minecraft:brick":10},"minecraft:used":{"minecraft:writable_book":1,"minecraft:iron_shovel":137,"minecraft:spruce_slab":2,"minecraft:chest":28,"minecraft:shield":12,"minecraft:iron_sword":257,"paraglider:goddess_statue":2,"minecraft:carrot":8,"blue_skies:lunar_stonebrick":16,"minecraft:lantern":1,"minecraft:grass_block":1,"minecraft:iron_helmet":1,"minecraft:mossy_cobblestone_slab":2,"minecraft:stone_brick_stairs":14,"minecraft:stone_bricks":31,"blue_skies:scalefruit_seeds":14,"minecraft:magma_block":1,"minecraft:hay_block":3,"minecraft:furnace":3,"minecraft:beetroot_seeds":1,"minecraft:egg":1,"minecraft:potato":13,"vampirism:weapon_table":4,"minecraft:mossy_stone_bricks":2,"minecraft:stone_pickaxe":96,"minecraft:oak_planks":25,"minecraft:wooden_pickaxe":9,"minecraft:composter":3,"minecraft:blue_bed":3,"minecraft:golden_apple":4,"minecraft:blast_furnace":5,"minecraft:shears":3,"cfm:oak_chair":8,"minecraft:birch_fence":7,"cfm:oak_kitchen_counter":12,"waystones:waystone":4,"sophisticatedbackpacks:backpack":1,"minecraft:melon_slice":21,"minecraft:bread":25,"minecraft:lectern":1,"vampirism:potion_table":1,"minecraft:grindstone":1,"minecraft:smithing_table":2,"minecraft:cobweb":3,"minecraft:oak_fence":10,"minecraft:stone_sword":126,"dynamictrees:oak_seed":7,"minecraft:cooked_chicken":1,"minecraft:oak_door":6,"minecraft:torch":38,"minecraft:brewing_stand":4,"minecraft:dirt":140,"minecraft:spyglass":128,"minecraft:anvil":3,"minecraft:white_carpet":17,"minecraft:cobblestone_wall":16,"minecraft:oak_fence_gate":5,"minecraft:mossy_cobblestone_stairs":1,"minecraft:birch_door":2,"blue_skies:zeal_lighter":3,"minecraft:wooden_axe":3,"cfm:oak_crate":3,"minecraft:iron_axe":205,"minecraft:oak_stairs":69,"dynamictrees:birch_seed":20,"tombstone:gift":5,"minecraft:cooked_beef":10,"blue_skies:scalefruit":8,"minecraft:cherry_log":29,"biomesoplenty:violet":2,"blue_skies:moonstone":1,"minecraft:wheat_seeds":64,"vampirism:fire_place":4,"minecraft:cherry_planks":99,"minecraft:orange_carpet":11,"minecraft:oak_slab":28,"minecraft:crafting_table":8,"minecraft:red_bed":2,"minecraft:oak_log":4,"dynamictrees:cherry_seed":1,"minecraft:flower_pot":5,"minecraft:apple":6,"minecraft:iron_pickaxe":248,"justhammers:stone_hammer":39,"minecraft:stone_axe":14,"minecraft:blue_carpet":16,"minecraft:cobblestone":166,"minecraft:cooked_porkchop":3,"minecraft:yellow_bed":6},"minecraft:broken":{"minecraft:iron_sword":1,"minecraft:stone_sword":1,"minecraft:iron_axe":1,"aether:leather_gloves":1},"minecraft:killed":{"minecraft:spider":5,"minecraft:skeleton":10,"alexsmobs:grizzly_bear":1,"minecraft:zombie":29,"minecraft:cow":5,"alexsmobs:tasmanian_devil":2,"minecraft:horse":1,"minecraft:enderman":6}},"DataVersion":3465}