{"stats":{"minecraft:picked_up":{"minecraft:chiseled_deepslate":1,"minecraft:birch_door":1,"minecraft:wheat":32,"minecraft:flower_pot":6,"minecraft:anvil":2,"minecraft:sentry_armor_trim_smithing_template":2,"minecraft:smithing_table":2,"minecraft:oak_stairs":13,"biomesoplenty:violet":5,"minecraft:enchanted_book":2,"minecraft:stone_brick_stairs":44,"blue_skies:scalefruit":8,"minecraft:brewing_stand":4,"iceandfire:manuscript":30,"paraglider:goddess_statue":2,"minecraft:string":60,"cfm:oak_kitchen_counter":4,"paraglider:deku_leaf":2,"minecraft:cobbled_deepslate":521,"minecraft:gold_nugget":17,"minecraft:cobblestone_slab":8,"minecraft:calcite":1,"dynamictrees:oak_seed":17,"minecraft:melon_slice":49,"minecraft:furnace":10,"minecraft:stick":207,"iceandfire:ghost_chest":1,"minecraft:oak_fence":4,"minecraft:torch":10,"minecraft:spruce_stairs":2,"minecraft:cherry_log":64,"tombstone:grave_dust":10,"vampirism:vampire_fang":1,"minecraft:goat_horn":2,"blue_skies:lunar_cobblestone":2,"minecraft:rotten_flesh":31,"relics:horse_flute":2,"minecraft:blue_dye":24,"minecraft:iron_block":9,"minecraft:deepslate_brick_stairs":1,"minecraft:iron_bars":8,"minecraft:cobblestone":255,"paraglider:paraglider":1,"minecraft:birch_log":32,"vampirism:vampire_book":1,"minecraft:pink_petals":324,"vampirism:weapon_table":4,"minecraft:magma_block":1,"minecraft:mossy_cobblestone_slab":2,"minecraft:leather_chestplate":1,"minecraft:cooked_beef":6,"minecraft:feather":20,"minecraft:lilac":2,"minecraft:cherry_planks":43,"minecraft:jungle_log":1,"minecraft:orange_carpet":13,"minecraft:golden_leggings":1,"minecraft:potato":6,"alexsmobs:bear_fur":1,"paraglider:spirit_orb":18,"minecraft:tuff":59,"evilcraft:flesh_humanoid":1,"minecraft:lapis_lazuli":66,"minecraft:dirt":434,"minecraft:lantern":1,"minecraft:bone":26,"minecraft:bow":4,"minecraft:wheat_seeds":89,"minecraft:raw_gold":5,"minecraft:bell":1,"vampirism:item_garlic":8,"minecraft:grindstone":1,"minecraft:mossy_stone_bricks":17,"minecraft:oak_planks":28,"vampirism:potion_table":1,"vampirism:crucifix_normal":2,"minecraft:grass_block":7,"minecraft:lily_of_the_valley":1,"minecraft:jungle_slab":6,"minecraft:mossy_cobblestone":2,"artifacts:plastic_drinking_hat":1,"minecraft:polished_andesite":3,"minecraft:diamond":10,"vampirism:oil_bottle":1,"minecraft:soul_lantern":1,"waystones:waystone":4,"minecraft:writable_book":1,"minecraft:crossbow":1,"minecraft:bone_meal":2,"minecraft:emerald":11,"minecraft:bread":2,"biomesoplenty:pink_daffodil":1,"minecraft:cocoa_beans":9,"minecraft:charcoal":4,"minecraft:crafting_table":7,"minecraft:shield":1,"minecraft:cornflower":10,"minecraft:red_bed":2,"minecraft:item_frame":1,"minecraft:white_carpet":20,"minecraft:birch_fence":7,"minecraft:cracked_stone_bricks":75,"minecraft:beef":15,"minecraft:spruce_slab":5,"minecraft:lectern":1,"minecraft:chest":19,"minecraft:egg":7,"minecraft:raw_iron":175,"minecraft:oak_door":6,"minecraft:copper_ingot":5,"minecraft:spruce_fence":17,"sophisticatedbackpacks:backpack":1,"minecraft:redstone":3,"minecraft:blue_carpet":20,"minecraft:arrow":18,"blue_skies:briskbloom":1,"minecraft:beetroot_seeds":1,"blue_skies:scalefruit_seeds":14,"minecraft:hay_block":16,"minecraft:cracked_deepslate_bricks":1,"tombstone:essence_of_undeath":1,"minecraft:stripped_oak_log":1,"minecraft:birch_leaves":4,"vampirism:vampire_blood_bottle":1,"cfm:oak_crate":3,"minecraft:glow_ink_sac":3,"minecraft:tripwire_hook":3,"minecraft:leather":13,"cfm:oak_chair":4,"minecraft:birch_planks":7,"blue_skies:moonstone":11,"minecraft:oak_log":54,"iceandfire:ectoplasm":15,"minecraft:yellow_bed":7,"minecraft:cobblestone_wall":4,"minecraft:cobblestone_stairs":28,"minecraft:blue_bed":2,"minecraft:apple":4,"minecraft:stone_bricks":62,"dynamictrees:birch_seed":88,"blue_skies:lunar_stonebrick":28,"minecraft:iron_ingot":34,"minecraft:oak_fence_gate":2,"minecraft:stone_pickaxe":2,"minecraft:cobweb":3,"minecraft:oak_slab":29,"vampirism:fire_place":5,"minecraft:spyglass":3,"minecraft:birch_stairs":1,"justhammers:stone_hammer":1,"minecraft:blast_furnace":8,"minecraft:white_bed":1,"minecraft:spider_eye":1,"minecraft:leather_helmet":1,"blue_skies:zeal_lighter":1,"evilcraft:dark_gem":52,"dynamictrees:cherry_seed":23,"minecraft:mossy_cobblestone_stairs":1,"tombstone:magic_scroll":2,"minecraft:coal":75,"minecraft:ender_pearl":6},"minecraft:mined":{"minecraft:blue_carpet":18,"minecraft:white_bed":1,"minecraft:cherry_log":6,"minecraft:cobblestone_stairs":7,"minecraft:brewing_stand":4,"minecraft:grass_block":331,"minecraft:jungle_log":1,"vampirism:weapon_table":4,"blue_skies:scalefruits":3,"minecraft:spawner":9,"minecraft:magma_block":1,"minecraft:mossy_cobblestone_slab":2,"minecraft:mossy_cobblestone_stairs":1,"minecraft:iron_ore":50,"biomesoplenty:violet":2,"minecraft:anvil":3,"minecraft:deepslate_lapis_ore":2,"blue_skies:lunar_stonebrick":16,"minecraft:sculk_shrieker":1,"blue_skies:spider_webbing":10,"minecraft:dirt_path":12,"minecraft:iron_bars":9,"minecraft:oak_stairs":13,"minecraft:deepslate_brick_stairs":2,"cfm:oak_kitchen_counter":3,"minecraft:iron_block":8,"minecraft:spruce_slab":5,"minecraft:red_bed":2,"biomesoplenty:potted_violet":2,"minecraft:torch":1,"minecraft:blast_furnace":7,"dynamictrees:birch_sapling":1,"minecraft:calcite":4,"minecraft:melon":10,"iceandfire:ghost_chest":1,"minecraft:chest":5,"minecraft:cobblestone":70,"minecraft:grindstone":1,"minecraft:oak_planks":29,"minecraft:wall_torch":4,"minecraft:pink_petals":116,"evilcraft:dark_ore_deepslate":1,"minecraft:wheat":38,"minecraft:birch_trapdoor":1,"minecraft:lilac":1,"dynamictrees:birch_leaves":4,"minecraft:stone_brick_stairs":20,"minecraft:grass":49,"biomesoplenty:clover":8,"minecraft:oak_log":15,"minecraft:oak_fence_gate":2,"minecraft:dirt":77,"minecraft:deepslate":1,"minecraft:light_gray_stained_glass_pane":18,"blue_skies:lunar_cobblestone":2,"minecraft:mossy_cobblestone":1,"minecraft:oak_door":5,"minecraft:spruce_fence":17,"minecraft:hay_block":16,"dynamictrees:oak_leaves":10,"blue_skies:potted_briskbloom":1,"cfm:oak_crate":3,"vampirism:potion_table":1,"minecraft:furnace":6,"minecraft:bell":1,"minecraft:potatoes":3,"biomesoplenty:high_grass":2,"minecraft:cobblestone_slab":2,"minecraft:vine":3,"minecraft:lantern":1,"minecraft:stripped_oak_log":1,"minecraft:stone":18,"sophisticatedbackpacks:backpack":1,"minecraft:smithing_table":2,"minecraft:oak_slab":14,"minecraft:birch_stairs":1,"minecraft:cherry_planks":43,"minecraft:potted_lily_of_the_valley":1,"minecraft:oak_fence":5,"minecraft:crafting_table":7,"minecraft:cornflower":10,"minecraft:emerald_ore":6,"minecraft:sculk_sensor":1,"minecraft:lectern":1,"minecraft:tall_grass":1,"biomesoplenty:high_grass_plant":1,"biomesoplenty:huge_clover_petal":2,"minecraft:blue_bed":2,"minecraft:orange_carpet":10,"minecraft:spruce_stairs":2,"minecraft:birch_planks":1,"cfm:oak_chair":4,"minecraft:cobblestone_wall":4,"biomesoplenty:pink_daffodil":1,"minecraft:white_carpet":16,"minecraft:yellow_bed":6,"minecraft:coal_ore":24,"minecraft:cocoa":3,"vampirism:fire_place":4,"minecraft:flower_pot":2,"minecraft:cobweb":10,"minecraft:cracked_stone_bricks":16,"minecraft:stone_bricks":48,"minecraft:mossy_stone_bricks":5,"minecraft:birch_fence":1,"minecraft:fern":4,"paraglider:goddess_statue":2},"minecraft:killed":{"vampirism:vampire":1,"minecraft:spider":6,"minecraft:skeleton":13,"artifacts:mimic":1,"alexsmobs:grizzly_bear":1,"minecraft:pillager":1,"minecraft:zombie":37,"minecraft:cow":9,"alexsmobs:tasmanian_devil":2,"minecraft:horse":1,"minecraft:enderman":6},"minecraft:broken":{"minecraft:iron_boots":1,"minecraft:iron_leggings":1,"minecraft:iron_sword":1,"minecraft:stone_sword":1,"minecraft:iron_axe":1,"minecraft:iron_helmet":1,"aether:leather_gloves":1},"minecraft:killed_by":{"minecraft:creeper":2,"minecraft:pillager":1,"iceandfire:sea_serpent":2,"minecraft:zombie":3,"vampirism:vampire":1,"minecraft:enderman":1,"alexsmobs:bison":1,"minecraft:skeleton":3},"minecraft:custom":{"minecraft:animals_bred":11,"minecraft:interact_with_crafting_table":94,"minecraft:open_barrel":11,"minecraft:bell_ring":1,"minecraft:eat_cake_slice":4,"minecraft:leave_game":19,"minecraft:time_since_death":4380,"minecraft:sprint_one_cm":1220015,"minecraft:damage_blocked_by_shield":1550,"minecraft:drop":247,"vampirism:interact_with_totem":1,"minecraft:talked_to_villager":3,"minecraft:play_time":632399,"minecraft:deaths":17,"minecraft:jump":6759,"minecraft:interact_with_brewingstand":1,"minecraft:walk_on_water_one_cm":12453,"minecraft:interact_with_furnace":29,"minecraft:traded_with_villager":1,"minecraft:sleep_in_bed":36,"minecraft:waystone_activated":5,"minecraft:damage_dealt":17553,"minecraft:crouch_one_cm":16562,"tombstone:undead_killed":50,"minecraft:interact_with_smithing_table":5,"minecraft:interact_with_anvil":2,"minecraft:mob_kills":83,"minecraft:damage_dealt_resisted":130,"minecraft:climb_one_cm":13254,"minecraft:walk_one_cm":1122412,"minecraft:sneak_time":8621,"minecraft:walk_under_water_one_cm":5803,"minecraft:interact_with_blast_furnace":28,"minecraft:total_world_time":632399,"tombstone:raider_killed":1,"minecraft:pot_flower":3,"minecraft:time_since_rest":2417,"minecraft:damage_absorbed":189,"minecraft:damage_taken":7913,"tombstone:cast_on_ally":1,"minecraft:swim_one_cm":2173,"minecraft:fly_one_cm":1203234,"minecraft:open_chest":367,"minecraft:fall_one_cm":194299},"minecraft:dropped":{"minecraft:birch_planks":1,"minecraft:glow_ink_sac":3,"minecraft:ender_pearl":3,"minecraft:jungle_planks":1,"iceandfire:ectoplasm":9,"minecraft:cracked_stone_bricks":49,"relics:horse_flute":1,"minecraft:item_frame":1,"minecraft:cobblestone_stairs":18,"minecraft:dirt":6,"minecraft:gold_nugget":4,"minecraft:writable_book":1,"minecraft:iron_pickaxe":1,"paraglider:paraglider":1,"minecraft:birch_log":1,"minecraft:birch_stairs":1,"minecraft:bone":14,"minecraft:stone_axe":2,"minecraft:goat_horn":1,"minecraft:spyglass":3,"minecraft:cooked_chicken":1,"dynamictrees:oak_seed":7,"minecraft:pink_dye":1,"minecraft:wheat":1,"minecraft:rotten_flesh":31,"minecraft:oak_planks":2,"paraglider:deku_leaf":3,"minecraft:chiseled_deepslate":1,"iceandfire:ghost_chest":1,"cfm:oak_crate":2,"minecraft:leather_boots":1,"minecraft:birch_door":2,"minecraft:chest":1,"minecraft:arrow":1,"minecraft:iron_bars":8,"minecraft:stone_brick_stairs":18,"iceandfire:manuscript":18,"vampirism:item_garlic":5,"minecraft:iron_ingot":8,"minecraft:bread":2,"minecraft:oak_slab":12,"minecraft:birch_leaves":3,"minecraft:wheat_seeds":22,"minecraft:lilac":2,"dynamictrees:birch_seed":72,"minecraft:mossy_cobblestone":1,"minecraft:oak_fence":3,"blue_skies:moonstone":6,"minecraft:iron_helmet":1,"minecraft:feather":10,"minecraft:cobblestone":8,"blue_skies:lunar_cobblestone":2,"minecraft:copper_ingot":3,"minecraft:grass_block":6,"blue_skies:zeal_lighter":1,"minecraft:stick":2,"minecraft:polished_andesite":3,"biomesoplenty:violet":1,"minecraft:jungle_slab":6,"minecraft:blue_dye":18,"tombstone:magic_scroll":1,"minecraft:wooden_axe":1,"tombstone:grave_dust":1,"minecraft:iron_leggings":1,"minecraft:iron_axe":1,"minecraft:string":34,"minecraft:redstone":3,"minecraft:furnace":2,"vampirism:fire_place":1,"minecraft:cocoa_beans":9,"minecraft:white_carpet":3,"minecraft:iron_boots":2,"alexsmobs:bear_fur":1,"minecraft:cobblestone_slab":7,"minecraft:shield":3,"minecraft:flower_pot":1,"minecraft:iron_chestplate":1,"minecraft:mossy_stone_bricks":9,"minecraft:spider_eye":1,"minecraft:stone_bricks":3,"minecraft:stone_pickaxe":3,"minecraft:wooden_pickaxe":1,"minecraft:cracked_deepslate_bricks":1,"minecraft:brick":10},"minecraft:crafted":{"minecraft:oak_planks":160,"paraglider:deku_leaf":3,"minecraft:iron_boots":4,"minecraft:chest":12,"minecraft:birch_door":3,"cfm:oak_kitchen_counter":8,"minecraft:oak_fence":9,"minecraft:oak_slab":30,"sophisticatedbackpacks:backpack":1,"minecraft:crafting_table":2,"minecraft:wooden_pickaxe":1,"minecraft:iron_helmet":3,"minecraft:birch_planks":120,"minecraft:iron_chestplate":3,"minecraft:shield":3,"minecraft:stick":28,"minecraft:iron_ingot":175,"minecraft:iron_pickaxe":4,"minecraft:iron_block":2,"minecraft:stone_sword":1,"minecraft:gold_ingot":1,"minecraft:composter":3,"minecraft:shears":1,"minecraft:cherry_planks":140,"minecraft:furnace":10,"blue_skies:zeal_lighter":1,"minecraft:pink_dye":1,"minecraft:iron_axe":3,"minecraft:stone_pickaxe":1,"minecraft:cobblestone_wall":12,"cfm:oak_crate":2,"minecraft:wheat":117,"sophisticatedbackpacks:iron_backpack":2,"minecraft:coal_block":2,"paraglider:paraglider":2,"minecraft:iron_sword":2,"minecraft:blue_bed":1,"sophisticatedbackpacks:gold_backpack":4,"minecraft:jungle_slab":6,"minecraft:bread":22,"minecraft:air":0,"minecraft:jungle_planks":4,"minecraft:blue_dye":10,"minecraft:oak_fence_gate":3,"justhammers:iron_hammer":1,"minecraft:wooden_axe":1,"minecraft:oak_stairs":64,"minecraft:iron_shovel":1,"minecraft:iron_leggings":3,"minecraft:anvil":1,"cfm:oak_chair":4},"minecraft:used":{"minecraft:writable_book":1,"minecraft:iron_shovel":392,"minecraft:spruce_slab":2,"minecraft:chest":29,"minecraft:shield":42,"minecraft:iron_sword":399,"minecraft:bell":1,"tombstone:scroll_of_preservation":1,"paraglider:goddess_statue":2,"minecraft:carrot":8,"minecraft:tuff":59,"blue_skies:lunar_stonebrick":16,"minecraft:grass_block":1,"minecraft:lantern":1,"minecraft:iron_helmet":1,"minecraft:mossy_cobblestone_slab":2,"minecraft:stone_brick_stairs":14,"minecraft:stone_bricks":31,"minecraft:magma_block":1,"blue_skies:scalefruit_seeds":14,"minecraft:bow":5,"minecraft:hay_block":3,"minecraft:furnace":16,"minecraft:beetroot_seeds":1,"minecraft:egg":1,"minecraft:potato":13,"minecraft:mossy_stone_bricks":3,"vampirism:weapon_table":4,"minecraft:stone_pickaxe":96,"minecraft:oak_planks":25,"minecraft:wooden_pickaxe":9,"minecraft:composter":3,"minecraft:diamond_axe":20,"minecraft:blue_bed":3,"minecraft:golden_apple":5,"minecraft:blast_furnace":5,"minecraft:shears":4,"cfm:oak_chair":8,"minecraft:birch_fence":7,"cfm:oak_kitchen_counter":12,"waystones:waystone":4,"sophisticatedbackpacks:backpack":1,"minecraft:melon_slice":47,"minecraft:bread":28,"minecraft:lectern":1,"minecraft:soul_lantern":1,"vampirism:potion_table":1,"minecraft:grindstone":1,"minecraft:smithing_table":2,"minecraft:cobweb":3,"minecraft:oak_fence":10,"minecraft:stone_sword":126,"dynamictrees:oak_seed":7,"minecraft:cooked_chicken":1,"minecraft:oak_door":6,"minecraft:torch":55,"minecraft:brewing_stand":4,"minecraft:dirt":334,"minecraft:spyglass":136,"minecraft:anvil":3,"minecraft:white_carpet":17,"minecraft:cobblestone_wall":16,"minecraft:spruce_fence":11,"minecraft:oak_fence_gate":5,"blue_skies:zeal_lighter":3,"minecraft:birch_door":2,"minecraft:mossy_cobblestone_stairs":1,"minecraft:wooden_axe":3,"cfm:oak_crate":3,"minecraft:iron_axe":210,"minecraft:oak_stairs":69,"dynamictrees:birch_seed":20,"tombstone:gift":8,"minecraft:cooked_beef":10,"blue_skies:scalefruit":8,"minecraft:cherry_log":29,"biomesoplenty:violet":2,"blue_skies:moonstone":1,"minecraft:calcite":1,"minecraft:wheat_seeds":64,"vampirism:fire_place":4,"minecraft:cherry_planks":142,"minecraft:cracked_stone_bricks":3,"minecraft:orange_carpet":11,"minecraft:crafting_table":9,"minecraft:oak_slab":28,"minecraft:red_bed":2,"justhammers:iron_hammer":80,"minecraft:oak_log":4,"minecraft:flower_pot":5,"dynamictrees:cherry_seed":2,"minecraft:apple":6,"minecraft:iron_pickaxe":269,"justhammers:stone_hammer":39,"minecraft:stone_axe":14,"minecraft:blue_carpet":16,"minecraft:cobblestone":182,"minecraft:cooked_porkchop":3,"minecraft:yellow_bed":6}},"DataVersion":3465}