{"stats":{"minecraft:used":{"minecraft:wooden_axe":3,"minecraft:bread":2,"dynamictrees:birch_seed":1,"minecraft:wooden_pickaxe":2,"minecraft:crafting_table":3,"minecraft:yellow_bed":1},"minecraft:mined":{"minecraft:wheat":4,"minecraft:yellow_bed":2,"minecraft:crafting_table":3,"minecraft:grass":2,"dynamictrees:birch_sapling":1,"biomesoplenty:clover":2,"minecraft:grass_block":1,"minecraft:stripped_oak_log":1,"paraglider:goddess_statue":1},"minecraft:dropped":{"minecraft:dirt":1,"minecraft:bread":1,"minecraft:wheat_seeds":9},"minecraft:crafted":{"minecraft:oak_planks":4,"minecraft:crafting_table":1,"minecraft:wooden_pickaxe":1,"minecraft:wooden_axe":1,"minecraft:birch_planks":24,"minecraft:bread":1},"minecraft:custom":{"minecraft:time_since_rest":4034,"minecraft:sprint_one_cm":27043,"minecraft:damage_taken":98,"minecraft:walk_one_cm":27098,"minecraft:drop":11,"vampirism:interact_with_totem":1,"minecraft:fly_one_cm":59893,"minecraft:interact_with_crafting_table":5,"minecraft:open_chest":1,"minecraft:crouch_one_cm":684,"minecraft:play_time":75087,"minecraft:sneak_time":318,"minecraft:jump":292,"minecraft:time_since_death":75087,"minecraft:sleep_in_bed":2,"minecraft:total_world_time":75087,"minecraft:fall_one_cm":7860},"minecraft:picked_up":{"minecraft:stripped_oak_log":1,"minecraft:birch_log":6,"minecraft:stick":10,"minecraft:crafting_table":3,"minecraft:wheat":4,"minecraft:yellow_bed":2,"paraglider:goddess_statue":1,"minecraft:dirt":1,"minecraft:apple":1,"minecraft:wheat_seeds":9,"dynamictrees:birch_seed":4,"minecraft:bread":2}},"DataVersion":3465}