{"stats":{"minecraft:used":{"minecraft:crafting_table":1,"dynamictrees:birch_seed":1},"minecraft:mined":{"minecraft:grass":1,"biomesoplenty:clover":1,"minecraft:yellow_bed":1,"minecraft:crafting_table":1,"dynamictrees:birch_sapling":1},"minecraft:dropped":{"minecraft:wheat_seeds":1},"minecraft:crafted":{"minecraft:birch_planks":8,"minecraft:crafting_table":1,"minecraft:wooden_pickaxe":1},"minecraft:custom":{"minecraft:open_chest":1,"minecraft:time_since_rest":5079,"minecraft:crouch_one_cm":462,"minecraft:play_time":63087,"minecraft:sprint_one_cm":9475,"minecraft:damage_taken":20,"minecraft:walk_one_cm":9852,"minecraft:sneak_time":257,"vampirism:interact_with_totem":1,"minecraft:drop":1,"minecraft:jump":97,"minecraft:time_since_death":63087,"minecraft:sleep_in_bed":1,"minecraft:total_world_time":63087,"minecraft:interact_with_crafting_table":1,"minecraft:fall_one_cm":5445,"minecraft:fly_one_cm":25576},"minecraft:picked_up":{"minecraft:birch_log":2,"minecraft:crafting_table":1,"minecraft:stick":5,"minecraft:apple":1,"minecraft:wheat_seeds":1,"dynamictrees:birch_seed":2,"minecraft:yellow_bed":1}},"DataVersion":3465}