{"stats":{"minecraft:used":{"minecraft:writable_book":1,"minecraft:stone_sword":54,"minecraft:stone_pickaxe":96,"minecraft:shield":2,"minecraft:wooden_pickaxe":9,"minecraft:cooked_chicken":1,"minecraft:torch":16,"paraglider:goddess_statue":1,"minecraft:orange_carpet":1,"minecraft:crafting_table":5,"minecraft:wooden_axe":3,"sophisticatedbackpacks:backpack":1,"minecraft:apple":6,"minecraft:bread":2,"minecraft:iron_helmet":1,"dynamictrees:birch_seed":1,"justhammers:stone_hammer":3,"minecraft:stone_axe":14,"minecraft:blue_carpet":1,"minecraft:cooked_porkchop":3,"tombstone:gift":2,"minecraft:yellow_bed":3,"minecraft:cooked_beef":4,"minecraft:cobweb":3},"minecraft:killed":{"minecraft:spider":2,"minecraft:horse":1,"minecraft:cow":2},"minecraft:mined":{"minecraft:blue_carpet":1,"minecraft:brewing_stand":1,"minecraft:oak_fence":1,"minecraft:crafting_table":5,"dynamictrees:birch_sapling":1,"minecraft:grass_block":1,"minecraft:lectern":1,"vampirism:weapon_table":1,"minecraft:cobblestone":3,"minecraft:grindstone":1,"minecraft:oak_planks":4,"minecraft:wall_torch":1,"minecraft:orange_carpet":1,"minecraft:spawner":3,"minecraft:hay_block":7,"minecraft:birch_planks":1,"vampirism:potion_table":1,"minecraft:iron_ore":50,"minecraft:wheat":4,"minecraft:yellow_bed":3,"minecraft:grass":2,"biomesoplenty:clover":5,"minecraft:coal_ore":21,"minecraft:cobblestone_slab":1,"minecraft:iron_bars":9,"minecraft:stripped_oak_log":1,"minecraft:cobweb":4,"minecraft:stone":11,"sophisticatedbackpacks:backpack":1,"minecraft:birch_stairs":1,"minecraft:spruce_slab":3,"paraglider:goddess_statue":2,"minecraft:smithing_table":1},"minecraft:dropped":{"minecraft:iron_ingot":8,"minecraft:bread":1,"minecraft:stone_axe":1,"minecraft:birch_planks":1,"minecraft:wheat_seeds":9,"minecraft:cooked_chicken":1,"dynamictrees:birch_seed":3,"minecraft:wheat":1,"minecraft:oak_fence":1,"minecraft:oak_planks":1,"minecraft:iron_boots":1,"minecraft:cracked_stone_bricks":2,"minecraft:item_frame":1,"minecraft:cobblestone_slab":6,"minecraft:dirt":1,"minecraft:shield":2,"minecraft:wooden_axe":1,"minecraft:leather_boots":1,"minecraft:writable_book":1,"minecraft:spider_eye":1,"minecraft:stone_bricks":3,"minecraft:iron_bars":8,"minecraft:stone_pickaxe":1,"minecraft:wooden_pickaxe":1,"minecraft:string":4,"minecraft:birch_stairs":1,"vampirism:item_garlic":1,"minecraft:brick":10},"minecraft:killed_by":{"alexsmobs:bison":1},"minecraft:custom":{"minecraft:interact_with_furnace":13,"minecraft:mob_kills":5,"minecraft:interact_with_crafting_table":28,"minecraft:open_barrel":2,"minecraft:eat_cake_slice":4,"minecraft:time_since_death":36120,"minecraft:sleep_in_bed":6,"minecraft:climb_one_cm":4084,"minecraft:time_since_rest":2028,"minecraft:waystone_activated":1,"minecraft:sprint_one_cm":222761,"minecraft:damage_taken":1025,"minecraft:walk_one_cm":137254,"minecraft:damage_blocked_by_shield":140,"vampirism:interact_with_totem":1,"minecraft:drop":49,"minecraft:damage_dealt":1649,"minecraft:fly_one_cm":205221,"minecraft:open_chest":29,"minecraft:crouch_one_cm":2745,"minecraft:play_time":135087,"minecraft:deaths":1,"minecraft:sneak_time":1521,"minecraft:jump":1052,"minecraft:total_world_time":135087,"minecraft:fall_one_cm":31897},"minecraft:crafted":{"minecraft:coal_block":1,"minecraft:oak_planks":4,"sophisticatedbackpacks:backpack":1,"minecraft:crafting_table":1,"minecraft:iron_helmet":1,"minecraft:wooden_pickaxe":1,"minecraft:birch_planks":24,"minecraft:bread":1,"minecraft:air":0,"minecraft:iron_chestplate":1,"minecraft:iron_boots":2,"minecraft:shield":2,"minecraft:iron_axe":1,"minecraft:iron_pickaxe":1,"minecraft:iron_leggings":1,"minecraft:iron_ingot":35,"minecraft:stone_pickaxe":1,"minecraft:wooden_axe":1,"minecraft:chest":1,"minecraft:stone_sword":1,"sophisticatedbackpacks:iron_backpack":1},"minecraft:picked_up":{"vampirism:weapon_table":1,"minecraft:stripped_oak_log":1,"minecraft:birch_log":6,"minecraft:crafting_table":5,"minecraft:wheat":4,"minecraft:cooked_beef":6,"minecraft:leather":4,"minecraft:orange_carpet":1,"minecraft:smithing_table":1,"minecraft:birch_planks":1,"paraglider:spirit_orb":6,"minecraft:brewing_stand":1,"minecraft:yellow_bed":3,"minecraft:shield":1,"minecraft:cobblestone_stairs":2,"minecraft:dirt":1,"paraglider:goddess_statue":2,"minecraft:string":5,"minecraft:item_frame":1,"minecraft:apple":4,"minecraft:stone_bricks":3,"minecraft:cracked_stone_bricks":5,"minecraft:wheat_seeds":9,"minecraft:grindstone":1,"minecraft:beef":1,"minecraft:stone_pickaxe":1,"dynamictrees:birch_seed":4,"minecraft:cobweb":3,"minecraft:cobblestone_slab":6,"minecraft:spruce_slab":3,"minecraft:lectern":1,"minecraft:melon_slice":2,"minecraft:oak_planks":3,"vampirism:potion_table":1,"minecraft:stick":10,"minecraft:raw_iron":50,"minecraft:oak_fence":1,"minecraft:torch":2,"sophisticatedbackpacks:backpack":1,"minecraft:birch_stairs":1,"vampirism:crucifix_normal":2,"justhammers:stone_hammer":1,"minecraft:spider_eye":1,"minecraft:blue_carpet":1,"vampirism:oil_bottle":1,"minecraft:writable_book":1,"minecraft:hay_block":7,"minecraft:bread":2,"minecraft:coal":21,"minecraft:iron_bars":8,"minecraft:cobblestone":23}},"DataVersion":3465}