{"stats":{"minecraft:mined":{"minecraft:blue_carpet":18,"minecraft:white_bed":1,"minecraft:cobblestone_stairs":7,"minecraft:brewing_stand":4,"minecraft:grass_block":124,"minecraft:jungle_log":1,"vampirism:weapon_table":4,"minecraft:spawner":3,"minecraft:magma_block":1,"minecraft:iron_ore":50,"biomesoplenty:violet":1,"blue_skies:lunar_stonebrick":16,"minecraft:anvil":3,"blue_skies:spider_webbing":10,"minecraft:oak_stairs":13,"minecraft:iron_bars":9,"cfm:oak_kitchen_counter":3,"minecraft:iron_block":8,"minecraft:spruce_slab":5,"minecraft:red_bed":2,"biomesoplenty:potted_violet":2,"minecraft:torch":1,"minecraft:blast_furnace":5,"dynamictrees:birch_sapling":1,"iceandfire:ghost_chest":1,"minecraft:chest":5,"minecraft:cobblestone":68,"minecraft:grindstone":1,"minecraft:oak_planks":29,"minecraft:wall_torch":1,"minecraft:wheat":30,"minecraft:lilac":1,"dynamictrees:birch_leaves":3,"minecraft:stone_brick_stairs":20,"minecraft:grass":35,"biomesoplenty:clover":8,"minecraft:oak_log":9,"minecraft:oak_fence_gate":2,"minecraft:dirt":34,"minecraft:light_gray_stained_glass_pane":18,"blue_skies:lunar_cobblestone":2,"minecraft:oak_door":5,"minecraft:hay_block":7,"dynamictrees:oak_leaves":10,"blue_skies:potted_briskbloom":1,"cfm:oak_crate":3,"vampirism:potion_table":1,"minecraft:furnace":6,"minecraft:bell":1,"minecraft:potatoes":3,"biomesoplenty:high_grass":2,"minecraft:cobblestone_slab":1,"minecraft:vine":1,"minecraft:lantern":1,"minecraft:stripped_oak_log":1,"minecraft:stone":18,"sophisticatedbackpacks:backpack":1,"minecraft:smithing_table":2,"minecraft:oak_slab":14,"minecraft:birch_stairs":1,"minecraft:potted_lily_of_the_valley":1,"minecraft:oak_fence":5,"minecraft:crafting_table":7,"minecraft:cornflower":10,"minecraft:emerald_ore":6,"minecraft:lectern":1,"biomesoplenty:high_grass_plant":1,"minecraft:tall_grass":1,"biomesoplenty:huge_clover_petal":2,"minecraft:blue_bed":2,"minecraft:orange_carpet":10,"minecraft:birch_planks":1,"cfm:oak_chair":4,"minecraft:cobblestone_wall":4,"biomesoplenty:pink_daffodil":1,"minecraft:white_carpet":16,"minecraft:yellow_bed":6,"minecraft:coal_ore":24,"minecraft:cocoa":3,"vampirism:fire_place":4,"minecraft:flower_pot":2,"minecraft:cobweb":5,"minecraft:cracked_stone_bricks":12,"minecraft:stone_bricks":46,"minecraft:mossy_stone_bricks":5,"minecraft:birch_fence":1,"minecraft:fern":2,"paraglider:goddess_statue":2},"minecraft:custom":{"minecraft:animals_bred":8,"minecraft:interact_with_crafting_table":81,"minecraft:open_barrel":3,"minecraft:eat_cake_slice":4,"minecraft:leave_game":12,"minecraft:time_since_death":212316,"minecraft:sprint_one_cm":859312,"minecraft:damage_blocked_by_shield":170,"vampirism:interact_with_totem":1,"minecraft:drop":166,"minecraft:talked_to_villager":3,"minecraft:play_time":481858,"minecraft:deaths":6,"minecraft:jump":4764,"minecraft:interact_with_brewingstand":1,"minecraft:walk_on_water_one_cm":2094,"minecraft:interact_with_furnace":28,"minecraft:traded_with_villager":1,"minecraft:sleep_in_bed":29,"minecraft:waystone_activated":5,"minecraft:damage_dealt":6527,"minecraft:crouch_one_cm":10200,"tombstone:undead_killed":12,"minecraft:interact_with_smithing_table":5,"minecraft:mob_kills":29,"minecraft:interact_with_anvil":2,"minecraft:climb_one_cm":8478,"minecraft:walk_one_cm":819715,"minecraft:sneak_time":5642,"minecraft:walk_under_water_one_cm":874,"minecraft:interact_with_blast_furnace":14,"minecraft:total_world_time":481858,"minecraft:pot_flower":3,"minecraft:time_since_rest":15304,"minecraft:damage_taken":3686,"minecraft:fly_one_cm":822527,"minecraft:open_chest":236,"minecraft:fall_one_cm":149486},"minecraft:crafted":{"minecraft:oak_planks":136,"paraglider:deku_leaf":2,"minecraft:iron_boots":4,"minecraft:chest":11,"cfm:oak_kitchen_counter":8,"minecraft:birch_door":3,"minecraft:oak_fence":3,"minecraft:oak_slab":12,"sophisticatedbackpacks:backpack":1,"minecraft:crafting_table":2,"minecraft:wooden_pickaxe":1,"minecraft:iron_helmet":3,"minecraft:birch_planks":120,"minecraft:iron_chestplate":3,"minecraft:shield":3,"minecraft:stick":16,"minecraft:iron_ingot":175,"minecraft:iron_pickaxe":4,"minecraft:iron_block":2,"minecraft:stone_sword":1,"minecraft:gold_ingot":1,"minecraft:shears":1,"blue_skies:zeal_lighter":1,"minecraft:pink_dye":1,"minecraft:iron_axe":3,"minecraft:stone_pickaxe":1,"minecraft:cobblestone_wall":12,"cfm:oak_crate":2,"minecraft:wheat":63,"sophisticatedbackpacks:iron_backpack":1,"minecraft:coal_block":2,"paraglider:paraglider":1,"minecraft:iron_sword":2,"minecraft:blue_bed":1,"sophisticatedbackpacks:gold_backpack":4,"minecraft:bread":22,"minecraft:air":0,"minecraft:blue_dye":10,"minecraft:oak_fence_gate":3,"justhammers:iron_hammer":1,"minecraft:oak_stairs":64,"minecraft:wooden_axe":1,"minecraft:iron_shovel":1,"minecraft:iron_leggings":3,"minecraft:anvil":1,"cfm:oak_chair":4},"minecraft:picked_up":{"minecraft:birch_door":1,"minecraft:wheat":26,"minecraft:flower_pot":6,"minecraft:anvil":2,"minecraft:smithing_table":2,"minecraft:oak_stairs":13,"biomesoplenty:violet":4,"minecraft:stone_brick_stairs":44,"minecraft:brewing_stand":4,"iceandfire:manuscript":30,"paraglider:goddess_statue":2,"minecraft:string":54,"cfm:oak_kitchen_counter":4,"minecraft:gold_nugget":17,"minecraft:cobblestone_slab":6,"dynamictrees:oak_seed":17,"minecraft:melon_slice":2,"minecraft:furnace":10,"minecraft:stick":134,"iceandfire:ghost_chest":1,"minecraft:oak_fence":4,"minecraft:torch":3,"tombstone:grave_dust":2,"vampirism:vampire_fang":1,"blue_skies:lunar_cobblestone":2,"minecraft:rotten_flesh":10,"relics:horse_flute":2,"minecraft:iron_block":9,"minecraft:blue_dye":24,"minecraft:iron_bars":8,"minecraft:cobblestone":236,"minecraft:birch_log":32,"minecraft:leather_chestplate":1,"minecraft:lilac":2,"vampirism:vampire_book":1,"minecraft:magma_block":1,"vampirism:weapon_table":4,"minecraft:feather":20,"minecraft:cooked_beef":6,"minecraft:jungle_log":1,"minecraft:orange_carpet":13,"minecraft:golden_leggings":1,"minecraft:potato":6,"alexsmobs:bear_fur":1,"paraglider:spirit_orb":6,"evilcraft:flesh_humanoid":1,"minecraft:dirt":184,"minecraft:lantern":1,"minecraft:bone":14,"minecraft:wheat_seeds":67,"minecraft:bell":1,"vampirism:item_garlic":8,"minecraft:grindstone":1,"minecraft:mossy_stone_bricks":17,"minecraft:oak_planks":28,"vampirism:potion_table":1,"vampirism:crucifix_normal":2,"minecraft:grass_block":2,"minecraft:lily_of_the_valley":1,"vampirism:oil_bottle":1,"waystones:waystone":4,"minecraft:writable_book":1,"minecraft:bone_meal":1,"minecraft:bread":2,"minecraft:emerald":10,"biomesoplenty:pink_daffodil":1,"minecraft:cocoa_beans":9,"minecraft:charcoal":4,"minecraft:crafting_table":7,"minecraft:shield":1,"minecraft:cornflower":10,"minecraft:red_bed":2,"minecraft:item_frame":1,"minecraft:white_carpet":20,"minecraft:birch_fence":7,"minecraft:cracked_stone_bricks":72,"minecraft:beef":7,"minecraft:lectern":1,"minecraft:spruce_slab":5,"minecraft:chest":19,"minecraft:egg":7,"minecraft:raw_iron":170,"minecraft:oak_door":6,"minecraft:copper_ingot":5,"sophisticatedbackpacks:backpack":1,"minecraft:redstone":3,"minecraft:blue_carpet":20,"blue_skies:briskbloom":1,"minecraft:arrow":2,"minecraft:beetroot_seeds":1,"minecraft:hay_block":7,"minecraft:stripped_oak_log":1,"minecraft:birch_leaves":3,"cfm:oak_crate":3,"minecraft:leather":8,"cfm:oak_chair":4,"minecraft:birch_planks":7,"blue_skies:moonstone":11,"minecraft:oak_log":48,"iceandfire:ectoplasm":15,"minecraft:yellow_bed":7,"minecraft:cobblestone_wall":4,"minecraft:cobblestone_stairs":28,"minecraft:blue_bed":2,"minecraft:apple":4,"minecraft:stone_bricks":62,"dynamictrees:birch_seed":88,"minecraft:oak_fence_gate":2,"blue_skies:lunar_stonebrick":28,"minecraft:iron_ingot":33,"minecraft:stone_pickaxe":2,"minecraft:cobweb":3,"minecraft:oak_slab":29,"vampirism:fire_place":5,"minecraft:spyglass":3,"minecraft:birch_stairs":1,"justhammers:stone_hammer":1,"minecraft:blast_furnace":6,"minecraft:white_bed":1,"minecraft:leather_helmet":1,"minecraft:spider_eye":1,"blue_skies:zeal_lighter":1,"minecraft:coal":75,"minecraft:ender_pearl":5},"minecraft:killed_by":{"iceandfire:sea_serpent":2,"minecraft:zombie":1,"alexsmobs:bison":1},"minecraft:dropped":{"minecraft:birch_planks":1,"minecraft:ender_pearl":3,"iceandfire:ectoplasm":9,"minecraft:cracked_stone_bricks":46,"relics:horse_flute":1,"minecraft:item_frame":1,"minecraft:cobblestone_stairs":16,"minecraft:dirt":5,"minecraft:writable_book":1,"minecraft:gold_nugget":4,"minecraft:iron_pickaxe":1,"minecraft:birch_log":1,"minecraft:birch_stairs":1,"minecraft:bone":2,"minecraft:stone_axe":2,"minecraft:spyglass":3,"minecraft:cooked_chicken":1,"minecraft:pink_dye":1,"minecraft:wheat":1,"minecraft:rotten_flesh":10,"minecraft:oak_planks":1,"iceandfire:ghost_chest":1,"cfm:oak_crate":2,"minecraft:leather_boots":1,"minecraft:birch_door":2,"minecraft:chest":1,"minecraft:iron_bars":8,"minecraft:arrow":1,"minecraft:stone_brick_stairs":18,"iceandfire:manuscript":18,"vampirism:item_garlic":5,"minecraft:iron_ingot":8,"minecraft:bread":2,"minecraft:oak_slab":12,"minecraft:wheat_seeds":16,"minecraft:lilac":2,"dynamictrees:birch_seed":72,"minecraft:oak_fence":2,"blue_skies:moonstone":6,"minecraft:feather":10,"minecraft:iron_helmet":1,"minecraft:copper_ingot":3,"minecraft:grass_block":1,"blue_skies:zeal_lighter":1,"biomesoplenty:violet":1,"minecraft:blue_dye":18,"minecraft:wooden_axe":1,"tombstone:grave_dust":1,"minecraft:iron_leggings":1,"minecraft:iron_axe":1,"minecraft:string":34,"minecraft:redstone":3,"minecraft:furnace":2,"vampirism:fire_place":1,"minecraft:white_carpet":3,"minecraft:iron_boots":2,"minecraft:cobblestone_slab":6,"minecraft:shield":3,"minecraft:iron_chestplate":1,"minecraft:mossy_stone_bricks":9,"minecraft:spider_eye":1,"minecraft:stone_bricks":3,"minecraft:stone_pickaxe":2,"minecraft:wooden_pickaxe":1,"minecraft:brick":10},"minecraft:used":{"minecraft:writable_book":1,"minecraft:iron_shovel":137,"minecraft:spruce_slab":2,"minecraft:chest":28,"minecraft:shield":3,"minecraft:iron_sword":76,"paraglider:goddess_statue":2,"minecraft:carrot":8,"blue_skies:lunar_stonebrick":16,"minecraft:lantern":1,"minecraft:grass_block":1,"minecraft:iron_helmet":1,"minecraft:stone_brick_stairs":14,"minecraft:stone_bricks":31,"minecraft:magma_block":1,"minecraft:furnace":3,"minecraft:beetroot_seeds":1,"minecraft:egg":1,"minecraft:potato":13,"vampirism:weapon_table":4,"minecraft:mossy_stone_bricks":2,"minecraft:stone_pickaxe":96,"minecraft:oak_planks":25,"minecraft:wooden_pickaxe":9,"minecraft:blue_bed":3,"minecraft:blast_furnace":4,"minecraft:shears":3,"cfm:oak_chair":8,"minecraft:birch_fence":7,"cfm:oak_kitchen_counter":12,"waystones:waystone":4,"sophisticatedbackpacks:backpack":1,"minecraft:bread":25,"minecraft:lectern":1,"vampirism:potion_table":1,"minecraft:grindstone":1,"minecraft:smithing_table":2,"minecraft:cobweb":3,"minecraft:oak_fence":1,"minecraft:stone_sword":126,"dynamictrees:oak_seed":7,"minecraft:cooked_chicken":1,"minecraft:oak_door":6,"minecraft:torch":18,"minecraft:brewing_stand":4,"minecraft:dirt":130,"minecraft:spyglass":119,"minecraft:anvil":3,"minecraft:white_carpet":17,"minecraft:cobblestone_wall":16,"minecraft:oak_fence_gate":5,"minecraft:birch_door":2,"blue_skies:zeal_lighter":3,"minecraft:wooden_axe":3,"cfm:oak_crate":3,"minecraft:iron_axe":132,"minecraft:oak_stairs":69,"dynamictrees:birch_seed":20,"tombstone:gift":5,"minecraft:cooked_beef":10,"biomesoplenty:violet":2,"blue_skies:moonstone":1,"minecraft:wheat_seeds":49,"vampirism:fire_place":4,"minecraft:orange_carpet":11,"minecraft:oak_slab":28,"minecraft:crafting_table":8,"minecraft:red_bed":2,"minecraft:oak_log":4,"minecraft:flower_pot":5,"minecraft:apple":6,"minecraft:iron_pickaxe":235,"justhammers:stone_hammer":39,"minecraft:stone_axe":14,"minecraft:blue_carpet":16,"minecraft:cobblestone":162,"minecraft:cooked_porkchop":3,"minecraft:yellow_bed":6},"minecraft:broken":{"minecraft:stone_sword":1,"aether:leather_gloves":1},"minecraft:killed":{"minecraft:spider":3,"minecraft:skeleton":1,"alexsmobs:grizzly_bear":1,"minecraft:zombie":11,"minecraft:cow":5,"alexsmobs:tasmanian_devil":2,"minecraft:horse":1,"minecraft:enderman":3}},"DataVersion":3465}