{"stats":{"minecraft:picked_up":{"minecraft:charcoal":4,"minecraft:birch_door":1,"minecraft:crafting_table":7,"minecraft:wheat":4,"minecraft:flower_pot":6,"minecraft:smithing_table":2,"minecraft:oak_stairs":13,"biomesoplenty:violet":2,"minecraft:stone_brick_stairs":44,"minecraft:brewing_stand":3,"minecraft:shield":1,"minecraft:cornflower":10,"iceandfire:manuscript":30,"paraglider:goddess_statue":2,"minecraft:string":54,"minecraft:red_bed":2,"minecraft:item_frame":1,"minecraft:white_carpet":18,"minecraft:cracked_stone_bricks":71,"minecraft:gold_nugget":17,"minecraft:beef":1,"minecraft:cobblestone_slab":6,"dynamictrees:oak_seed":11,"minecraft:spruce_slab":3,"minecraft:lectern":1,"minecraft:melon_slice":2,"minecraft:chest":19,"minecraft:egg":7,"minecraft:furnace":7,"minecraft:raw_iron":170,"minecraft:stick":120,"iceandfire:ghost_chest":1,"minecraft:oak_door":5,"minecraft:copper_ingot":5,"minecraft:oak_fence":1,"minecraft:torch":3,"sophisticatedbackpacks:backpack":1,"tombstone:grave_dust":1,"minecraft:blue_carpet":20,"blue_skies:lunar_cobblestone":2,"minecraft:arrow":2,"blue_skies:briskbloom":1,"minecraft:rotten_flesh":4,"relics:horse_flute":2,"minecraft:hay_block":7,"minecraft:blue_dye":24,"minecraft:iron_bars":8,"minecraft:cobblestone":212,"minecraft:stripped_oak_log":1,"minecraft:birch_log":32,"vampirism:vampire_book":1,"vampirism:weapon_table":3,"minecraft:feather":20,"minecraft:cooked_beef":6,"minecraft:orange_carpet":13,"minecraft:leather":4,"minecraft:birch_planks":7,"blue_skies:moonstone":11,"paraglider:spirit_orb":6,"minecraft:oak_log":34,"evilcraft:flesh_humanoid":1,"iceandfire:ectoplasm":15,"minecraft:yellow_bed":7,"minecraft:cobblestone_wall":4,"minecraft:cobblestone_stairs":28,"minecraft:blue_bed":2,"minecraft:dirt":127,"minecraft:lantern":1,"minecraft:bone":12,"minecraft:apple":4,"minecraft:stone_bricks":58,"minecraft:wheat_seeds":13,"vampirism:item_garlic":8,"minecraft:stone_pickaxe":1,"minecraft:grindstone":1,"blue_skies:lunar_stonebrick":25,"minecraft:iron_ingot":33,"dynamictrees:birch_seed":88,"minecraft:cobweb":3,"minecraft:mossy_stone_bricks":17,"minecraft:oak_planks":28,"vampirism:potion_table":1,"minecraft:oak_slab":29,"vampirism:fire_place":5,"minecraft:spyglass":3,"minecraft:birch_stairs":1,"vampirism:crucifix_normal":2,"justhammers:stone_hammer":1,"minecraft:blast_furnace":2,"minecraft:white_bed":1,"minecraft:grass_block":2,"minecraft:lily_of_the_valley":1,"minecraft:spider_eye":1,"blue_skies:zeal_lighter":1,"vampirism:oil_bottle":1,"waystones:waystone":1,"minecraft:writable_book":1,"minecraft:emerald":10,"minecraft:bread":2,"biomesoplenty:pink_daffodil":1,"minecraft:coal":49,"minecraft:ender_pearl":5},"minecraft:killed_by":{"alexsmobs:bison":1,"iceandfire:sea_serpent":2,"minecraft:zombie":1},"minecraft:used":{"minecraft:iron_shovel":77,"minecraft:writable_book":1,"minecraft:stone_sword":126,"minecraft:spruce_slab":2,"minecraft:chest":28,"minecraft:shield":2,"minecraft:cooked_chicken":1,"dynamictrees:oak_seed":7,"minecraft:oak_door":5,"minecraft:torch":17,"paraglider:goddess_statue":2,"minecraft:brewing_stand":3,"minecraft:dirt":100,"minecraft:spyglass":47,"minecraft:white_carpet":15,"minecraft:cobblestone_wall":16,"minecraft:oak_fence_gate":3,"minecraft:wooden_axe":3,"blue_skies:zeal_lighter":2,"minecraft:birch_door":2,"blue_skies:lunar_stonebrick":4,"minecraft:lantern":1,"minecraft:iron_axe":101,"minecraft:oak_stairs":69,"minecraft:grass_block":1,"dynamictrees:birch_seed":20,"minecraft:iron_helmet":1,"minecraft:stone_brick_stairs":14,"minecraft:stone_bricks":27,"minecraft:furnace":3,"tombstone:gift":3,"minecraft:egg":1,"minecraft:cooked_beef":10,"biomesoplenty:violet":1,"vampirism:weapon_table":3,"vampirism:fire_place":4,"blue_skies:moonstone":1,"minecraft:mossy_stone_bricks":2,"minecraft:stone_pickaxe":96,"minecraft:oak_planks":25,"minecraft:wooden_pickaxe":9,"minecraft:blue_bed":3,"minecraft:oak_slab":28,"minecraft:orange_carpet":11,"minecraft:blast_furnace":1,"minecraft:red_bed":2,"minecraft:crafting_table":8,"minecraft:oak_log":4,"waystones:waystone":1,"minecraft:flower_pot":5,"sophisticatedbackpacks:backpack":1,"minecraft:apple":6,"minecraft:iron_pickaxe":199,"minecraft:stone_axe":14,"minecraft:lectern":1,"minecraft:bread":7,"justhammers:stone_hammer":39,"minecraft:blue_carpet":16,"minecraft:cobblestone":150,"vampirism:potion_table":1,"minecraft:grindstone":1,"minecraft:cooked_porkchop":3,"minecraft:smithing_table":2,"minecraft:yellow_bed":6,"minecraft:cobweb":3},"minecraft:mined":{"minecraft:blue_carpet":18,"minecraft:white_bed":1,"minecraft:light_gray_stained_glass_pane":18,"blue_skies:lunar_cobblestone":2,"minecraft:oak_door":4,"minecraft:cobblestone_stairs":7,"minecraft:brewing_stand":3,"minecraft:grass_block":71,"vampirism:weapon_table":3,"minecraft:spawner":3,"minecraft:hay_block":7,"dynamictrees:oak_leaves":10,"blue_skies:potted_briskbloom":1,"vampirism:potion_table":1,"minecraft:furnace":3,"minecraft:iron_ore":50,"blue_skies:lunar_stonebrick":13,"biomesoplenty:high_grass":2,"minecraft:vine":1,"minecraft:cobblestone_slab":1,"blue_skies:spider_webbing":10,"minecraft:iron_bars":9,"minecraft:oak_stairs":12,"minecraft:lantern":1,"minecraft:stripped_oak_log":1,"minecraft:stone":18,"sophisticatedbackpacks:backpack":1,"minecraft:spruce_slab":3,"minecraft:smithing_table":2,"minecraft:birch_stairs":1,"minecraft:oak_slab":14,"minecraft:red_bed":2,"biomesoplenty:potted_violet":2,"minecraft:potted_lily_of_the_valley":1,"minecraft:oak_fence":1,"minecraft:cornflower":10,"minecraft:crafting_table":7,"minecraft:torch":1,"minecraft:emerald_ore":6,"minecraft:blast_furnace":1,"dynamictrees:birch_sapling":1,"iceandfire:ghost_chest":1,"minecraft:chest":5,"minecraft:lectern":1,"minecraft:tall_grass":1,"minecraft:cobblestone":66,"biomesoplenty:high_grass_plant":1,"biomesoplenty:huge_clover_petal":2,"minecraft:grindstone":1,"minecraft:oak_planks":29,"minecraft:blue_bed":2,"minecraft:wall_torch":1,"minecraft:orange_carpet":10,"minecraft:birch_planks":1,"minecraft:cobblestone_wall":4,"minecraft:wheat":4,"biomesoplenty:pink_daffodil":1,"minecraft:white_carpet":14,"minecraft:stone_brick_stairs":20,"minecraft:yellow_bed":6,"biomesoplenty:clover":6,"minecraft:grass":27,"minecraft:coal_ore":24,"minecraft:oak_log":9,"vampirism:fire_place":4,"minecraft:dirt":28,"minecraft:flower_pot":2,"minecraft:cobweb":5,"minecraft:cracked_stone_bricks":11,"minecraft:stone_bricks":42,"minecraft:mossy_stone_bricks":5,"paraglider:goddess_statue":2},"minecraft:crafted":{"minecraft:oak_planks":124,"blue_skies:zeal_lighter":1,"minecraft:pink_dye":1,"minecraft:iron_boots":3,"minecraft:iron_axe":2,"minecraft:stone_pickaxe":1,"minecraft:cobblestone_wall":12,"minecraft:chest":11,"minecraft:birch_door":3,"minecraft:oak_fence":3,"sophisticatedbackpacks:iron_backpack":1,"minecraft:wheat":63,"minecraft:coal_block":2,"minecraft:oak_slab":12,"sophisticatedbackpacks:backpack":1,"minecraft:crafting_table":2,"minecraft:wooden_pickaxe":1,"minecraft:iron_helmet":2,"minecraft:iron_sword":1,"minecraft:blue_bed":1,"sophisticatedbackpacks:gold_backpack":4,"minecraft:birch_planks":120,"minecraft:bread":22,"minecraft:air":0,"minecraft:blue_dye":10,"minecraft:oak_fence_gate":3,"minecraft:iron_chestplate":2,"minecraft:shield":3,"minecraft:stick":16,"minecraft:iron_ingot":65,"minecraft:iron_pickaxe":2,"minecraft:oak_stairs":64,"minecraft:wooden_axe":1,"minecraft:stone_sword":1,"minecraft:iron_shovel":1,"minecraft:iron_leggings":2,"minecraft:gold_ingot":1},"minecraft:dropped":{"vampirism:item_garlic":5,"minecraft:iron_ingot":8,"minecraft:bread":2,"minecraft:oak_slab":12,"minecraft:birch_planks":1,"minecraft:wheat_seeds":10,"dynamictrees:birch_seed":72,"minecraft:ender_pearl":3,"minecraft:oak_fence":1,"blue_skies:moonstone":6,"minecraft:iron_helmet":1,"minecraft:feather":10,"iceandfire:ectoplasm":9,"minecraft:cracked_stone_bricks":46,"relics:horse_flute":1,"minecraft:copper_ingot":3,"minecraft:grass_block":1,"blue_skies:zeal_lighter":1,"minecraft:item_frame":1,"minecraft:cobblestone_stairs":16,"minecraft:dirt":5,"minecraft:blue_dye":18,"minecraft:wooden_axe":1,"tombstone:grave_dust":1,"minecraft:iron_leggings":1,"minecraft:gold_nugget":4,"minecraft:writable_book":1,"minecraft:iron_axe":1,"minecraft:iron_pickaxe":1,"minecraft:string":34,"minecraft:birch_log":1,"minecraft:birch_stairs":1,"minecraft:furnace":2,"minecraft:stone_axe":2,"vampirism:fire_place":1,"minecraft:spyglass":3,"minecraft:cooked_chicken":1,"minecraft:pink_dye":1,"minecraft:wheat":1,"minecraft:white_carpet":3,"minecraft:rotten_flesh":4,"minecraft:oak_planks":1,"minecraft:iron_boots":2,"minecraft:cobblestone_slab":6,"minecraft:shield":3,"iceandfire:ghost_chest":1,"minecraft:iron_chestplate":1,"minecraft:mossy_stone_bricks":9,"minecraft:leather_boots":1,"minecraft:birch_door":2,"minecraft:chest":1,"minecraft:spider_eye":1,"minecraft:stone_bricks":3,"minecraft:iron_bars":8,"minecraft:arrow":1,"minecraft:stone_pickaxe":1,"minecraft:wooden_pickaxe":1,"minecraft:stone_brick_stairs":18,"iceandfire:manuscript":18,"minecraft:brick":10},"minecraft:killed":{"minecraft:spider":2,"alexsmobs:tasmanian_devil":2,"minecraft:horse":1,"minecraft:skeleton":1,"minecraft:zombie":3,"minecraft:enderman":2,"minecraft:cow":2},"minecraft:custom":{"minecraft:mob_kills":14,"minecraft:interact_with_crafting_table":61,"minecraft:open_barrel":3,"minecraft:eat_cake_slice":4,"minecraft:leave_game":6,"minecraft:time_since_death":76674,"minecraft:climb_one_cm":7500,"minecraft:sprint_one_cm":534835,"minecraft:walk_one_cm":500929,"minecraft:damage_blocked_by_shield":140,"minecraft:drop":142,"vampirism:interact_with_totem":1,"minecraft:talked_to_villager":3,"minecraft:play_time":346216,"minecraft:sneak_time":4000,"minecraft:deaths":6,"minecraft:walk_under_water_one_cm":874,"minecraft:jump":3317,"minecraft:interact_with_blast_furnace":9,"minecraft:walk_on_water_one_cm":1984,"minecraft:total_world_time":346216,"minecraft:interact_with_furnace":25,"minecraft:traded_with_villager":1,"minecraft:pot_flower":3,"minecraft:sleep_in_bed":21,"minecraft:time_since_rest":6462,"minecraft:waystone_activated":2,"minecraft:damage_taken":2954,"minecraft:damage_dealt":3433,"minecraft:crouch_one_cm":7464,"minecraft:fly_one_cm":553723,"minecraft:open_chest":126,"tombstone:undead_killed":4,"minecraft:fall_one_cm":100692},"minecraft:broken":{"minecraft:stone_sword":1,"aether:leather_gloves":1}},"DataVersion":3465}