{"stats":{"minecraft:picked_up":{"minecraft:charcoal":4,"minecraft:crafting_table":6,"minecraft:wheat":4,"minecraft:flower_pot":2,"minecraft:smithing_table":1,"minecraft:oak_stairs":13,"biomesoplenty:violet":1,"minecraft:stone_brick_stairs":20,"minecraft:brewing_stand":1,"minecraft:shield":1,"minecraft:cornflower":10,"iceandfire:manuscript":6,"paraglider:goddess_statue":2,"minecraft:string":14,"minecraft:red_bed":2,"minecraft:item_frame":1,"minecraft:white_carpet":11,"minecraft:cracked_stone_bricks":16,"minecraft:gold_nugget":11,"minecraft:beef":1,"minecraft:cobblestone_slab":6,"dynamictrees:oak_seed":11,"minecraft:spruce_slab":3,"minecraft:lectern":1,"minecraft:melon_slice":2,"minecraft:furnace":2,"minecraft:egg":1,"minecraft:stick":66,"minecraft:raw_iron":126,"iceandfire:ghost_chest":1,"minecraft:oak_door":4,"minecraft:copper_ingot":1,"minecraft:oak_fence":1,"minecraft:torch":3,"sophisticatedbackpacks:backpack":1,"minecraft:blue_carpet":15,"blue_skies:lunar_cobblestone":2,"minecraft:arrow":1,"minecraft:rotten_flesh":3,"minecraft:hay_block":7,"minecraft:iron_bars":8,"minecraft:cobblestone":207,"minecraft:stripped_oak_log":1,"minecraft:birch_log":11,"vampirism:weapon_table":1,"minecraft:cooked_beef":6,"minecraft:orange_carpet":9,"minecraft:leather":4,"minecraft:birch_planks":1,"blue_skies:moonstone":3,"paraglider:spirit_orb":6,"minecraft:oak_log":34,"iceandfire:ectoplasm":3,"minecraft:yellow_bed":5,"minecraft:cobblestone_wall":4,"minecraft:cobblestone_stairs":8,"minecraft:dirt":73,"minecraft:blue_bed":1,"minecraft:bone":12,"minecraft:apple":4,"minecraft:stone_bricks":44,"minecraft:wheat_seeds":12,"dynamictrees:birch_seed":8,"minecraft:grindstone":1,"blue_skies:lunar_stonebrick":13,"minecraft:iron_ingot":1,"minecraft:stone_pickaxe":1,"minecraft:cobweb":3,"minecraft:mossy_stone_bricks":5,"minecraft:oak_planks":28,"vampirism:potion_table":1,"minecraft:oak_slab":9,"minecraft:birch_stairs":1,"vampirism:crucifix_normal":2,"justhammers:stone_hammer":1,"minecraft:blast_furnace":1,"minecraft:white_bed":1,"minecraft:grass_block":2,"minecraft:lily_of_the_valley":1,"minecraft:spider_eye":1,"vampirism:oil_bottle":1,"waystones:waystone":1,"minecraft:writable_book":1,"minecraft:emerald":9,"minecraft:bread":2,"biomesoplenty:pink_daffodil":1,"minecraft:coal":49,"minecraft:ender_pearl":1},"minecraft:killed_by":{"alexsmobs:bison":1,"iceandfire:sea_serpent":2,"minecraft:zombie":1},"minecraft:used":{"minecraft:iron_shovel":26,"minecraft:writable_book":1,"minecraft:stone_sword":125,"minecraft:shield":2,"dynamictrees:oak_seed":7,"minecraft:cooked_chicken":1,"minecraft:oak_door":4,"minecraft:torch":17,"paraglider:goddess_statue":1,"minecraft:dirt":38,"minecraft:spyglass":14,"minecraft:white_carpet":11,"minecraft:cobblestone_wall":10,"minecraft:oak_fence_gate":3,"minecraft:wooden_axe":3,"blue_skies:zeal_lighter":1,"blue_skies:lunar_stonebrick":1,"minecraft:iron_axe":68,"minecraft:oak_stairs":64,"minecraft:iron_helmet":1,"dynamictrees:birch_seed":1,"minecraft:stone_brick_stairs":14,"minecraft:stone_bricks":27,"tombstone:gift":2,"minecraft:cooked_beef":10,"blue_skies:moonstone":1,"minecraft:mossy_stone_bricks":2,"minecraft:stone_pickaxe":96,"minecraft:oak_planks":25,"minecraft:wooden_pickaxe":9,"minecraft:blue_bed":2,"minecraft:orange_carpet":9,"minecraft:oak_slab":15,"minecraft:crafting_table":6,"minecraft:red_bed":2,"minecraft:oak_log":4,"minecraft:flower_pot":2,"sophisticatedbackpacks:backpack":1,"minecraft:apple":6,"minecraft:bread":4,"minecraft:iron_pickaxe":186,"minecraft:stone_axe":14,"justhammers:stone_hammer":39,"minecraft:blue_carpet":15,"minecraft:cobblestone":142,"minecraft:cooked_porkchop":3,"minecraft:yellow_bed":4,"minecraft:cobweb":3},"minecraft:mined":{"minecraft:blue_carpet":13,"minecraft:white_bed":1,"minecraft:light_gray_stained_glass_pane":16,"blue_skies:lunar_cobblestone":2,"minecraft:oak_door":3,"minecraft:cobblestone_stairs":7,"minecraft:brewing_stand":1,"minecraft:grass_block":35,"vampirism:weapon_table":1,"minecraft:spawner":3,"dynamictrees:oak_leaves":1,"minecraft:hay_block":7,"vampirism:potion_table":1,"minecraft:furnace":2,"minecraft:iron_ore":50,"blue_skies:lunar_stonebrick":13,"biomesoplenty:high_grass":2,"minecraft:vine":1,"blue_skies:spider_webbing":10,"minecraft:cobblestone_slab":1,"minecraft:oak_stairs":12,"minecraft:iron_bars":9,"minecraft:stripped_oak_log":1,"minecraft:stone":18,"sophisticatedbackpacks:backpack":1,"minecraft:spruce_slab":3,"minecraft:smithing_table":1,"minecraft:birch_stairs":1,"minecraft:oak_slab":7,"minecraft:red_bed":2,"biomesoplenty:potted_violet":1,"minecraft:potted_lily_of_the_valley":1,"minecraft:oak_fence":1,"minecraft:cornflower":10,"minecraft:crafting_table":6,"minecraft:torch":1,"minecraft:emerald_ore":6,"minecraft:blast_furnace":1,"dynamictrees:birch_sapling":1,"iceandfire:ghost_chest":1,"minecraft:lectern":1,"minecraft:tall_grass":1,"biomesoplenty:high_grass_plant":1,"minecraft:cobblestone":61,"biomesoplenty:huge_clover_petal":2,"minecraft:grindstone":1,"minecraft:oak_planks":29,"minecraft:blue_bed":1,"minecraft:wall_torch":1,"minecraft:orange_carpet":6,"minecraft:birch_planks":1,"minecraft:cobblestone_wall":4,"minecraft:wheat":4,"biomesoplenty:pink_daffodil":1,"minecraft:white_carpet":9,"minecraft:yellow_bed":5,"minecraft:stone_brick_stairs":20,"minecraft:grass":14,"biomesoplenty:clover":6,"minecraft:oak_log":9,"minecraft:coal_ore":24,"minecraft:dirt":23,"minecraft:cobweb":5,"minecraft:cracked_stone_bricks":11,"minecraft:stone_bricks":41,"minecraft:mossy_stone_bricks":5,"paraglider:goddess_statue":2},"minecraft:crafted":{"minecraft:oak_planks":124,"blue_skies:zeal_lighter":1,"minecraft:pink_dye":1,"minecraft:iron_boots":2,"minecraft:iron_axe":1,"minecraft:stone_pickaxe":1,"minecraft:cobblestone_wall":6,"minecraft:chest":1,"minecraft:oak_fence":3,"sophisticatedbackpacks:iron_backpack":1,"minecraft:coal_block":1,"minecraft:oak_slab":12,"sophisticatedbackpacks:backpack":1,"minecraft:crafting_table":1,"minecraft:iron_helmet":1,"minecraft:wooden_pickaxe":1,"minecraft:blue_bed":1,"sophisticatedbackpacks:gold_backpack":4,"minecraft:birch_planks":40,"minecraft:bread":1,"minecraft:air":0,"minecraft:blue_dye":10,"minecraft:oak_fence_gate":3,"minecraft:iron_chestplate":1,"minecraft:shield":2,"minecraft:iron_shovel":1,"minecraft:stick":16,"minecraft:iron_ingot":35,"minecraft:iron_pickaxe":1,"minecraft:oak_stairs":64,"minecraft:wooden_axe":1,"minecraft:stone_sword":1,"minecraft:iron_leggings":1,"minecraft:gold_ingot":1},"minecraft:dropped":{"vampirism:item_garlic":1,"minecraft:iron_ingot":8,"minecraft:bread":1,"minecraft:birch_planks":1,"minecraft:wheat_seeds":10,"dynamictrees:birch_seed":3,"minecraft:oak_fence":1,"minecraft:cracked_stone_bricks":2,"minecraft:grass_block":1,"minecraft:item_frame":1,"minecraft:cobblestone_stairs":1,"minecraft:dirt":1,"minecraft:wooden_axe":1,"minecraft:writable_book":1,"minecraft:string":4,"minecraft:birch_stairs":1,"minecraft:stone_axe":1,"minecraft:cooked_chicken":1,"minecraft:pink_dye":1,"minecraft:wheat":1,"minecraft:rotten_flesh":1,"minecraft:oak_planks":1,"minecraft:iron_boots":1,"minecraft:cobblestone_slab":6,"iceandfire:ghost_chest":1,"minecraft:shield":2,"minecraft:leather_boots":1,"minecraft:spider_eye":1,"minecraft:stone_bricks":3,"minecraft:iron_bars":8,"minecraft:stone_pickaxe":1,"minecraft:wooden_pickaxe":1,"minecraft:brick":10},"minecraft:killed":{"minecraft:spider":2,"alexsmobs:tasmanian_devil":2,"minecraft:skeleton":1,"minecraft:horse":1,"minecraft:zombie":2,"minecraft:enderman":2,"minecraft:cow":2},"minecraft:custom":{"minecraft:mob_kills":13,"minecraft:interact_with_crafting_table":45,"minecraft:open_barrel":3,"minecraft:eat_cake_slice":4,"minecraft:leave_game":3,"minecraft:time_since_death":0,"minecraft:climb_one_cm":7248,"minecraft:sprint_one_cm":410322,"minecraft:walk_one_cm":344693,"minecraft:damage_blocked_by_shield":140,"minecraft:drop":55,"vampirism:interact_with_totem":1,"minecraft:talked_to_villager":3,"minecraft:play_time":233189,"minecraft:sneak_time":2667,"minecraft:deaths":4,"minecraft:walk_under_water_one_cm":874,"minecraft:jump":2566,"minecraft:interact_with_blast_furnace":1,"minecraft:walk_on_water_one_cm":1984,"minecraft:total_world_time":233189,"minecraft:interact_with_furnace":16,"minecraft:traded_with_villager":1,"minecraft:pot_flower":2,"minecraft:sleep_in_bed":11,"minecraft:time_since_rest":1967,"minecraft:waystone_activated":1,"minecraft:damage_taken":2349,"minecraft:damage_dealt":3314,"minecraft:fly_one_cm":480675,"minecraft:open_chest":47,"minecraft:crouch_one_cm":5083,"tombstone:undead_killed":3,"minecraft:fall_one_cm":77166},"minecraft:broken":{"aether:leather_gloves":1}},"DataVersion":3465}