{"stats":{"minecraft:used":{"minecraft:stone_sword":18,"minecraft:stone_pickaxe":12,"minecraft:shield":1,"minecraft:wooden_pickaxe":9,"minecraft:cooked_chicken":1,"minecraft:torch":16,"minecraft:orange_carpet":1,"minecraft:crafting_table":5,"minecraft:wooden_axe":3,"minecraft:apple":4,"minecraft:bread":2,"dynamictrees:birch_seed":1,"minecraft:stone_axe":2,"minecraft:blue_carpet":1,"minecraft:yellow_bed":1,"minecraft:cobweb":3},"minecraft:killed":{"minecraft:spider":2},"minecraft:mined":{"minecraft:blue_carpet":1,"minecraft:crafting_table":5,"dynamictrees:birch_sapling":1,"minecraft:grass_block":1,"minecraft:cobblestone":3,"minecraft:wall_torch":1,"minecraft:orange_carpet":1,"minecraft:spawner":3,"minecraft:wheat":4,"minecraft:yellow_bed":2,"minecraft:grass":2,"biomesoplenty:clover":2,"minecraft:iron_bars":9,"minecraft:stripped_oak_log":1,"minecraft:cobweb":3,"minecraft:stone":4,"paraglider:goddess_statue":1},"minecraft:dropped":{"minecraft:bread":1,"minecraft:wheat_seeds":9,"minecraft:cooked_chicken":1,"minecraft:cracked_stone_bricks":2,"minecraft:dirt":1,"minecraft:shield":2,"minecraft:wooden_axe":1,"minecraft:stone_bricks":1,"minecraft:wooden_pickaxe":1},"minecraft:crafted":{"minecraft:oak_planks":4,"minecraft:crafting_table":1,"minecraft:wooden_pickaxe":1,"minecraft:birch_planks":24,"minecraft:bread":1,"minecraft:shield":2,"minecraft:stone_pickaxe":1,"minecraft:wooden_axe":1,"minecraft:stone_sword":1},"minecraft:custom":{"minecraft:interact_with_furnace":1,"minecraft:mob_kills":2,"minecraft:interact_with_crafting_table":8,"minecraft:eat_cake_slice":2,"minecraft:time_since_death":87087,"minecraft:sleep_in_bed":2,"minecraft:time_since_rest":16034,"minecraft:sprint_one_cm":83103,"minecraft:damage_taken":298,"minecraft:walk_one_cm":71731,"minecraft:damage_blocked_by_shield":70,"vampirism:interact_with_totem":1,"minecraft:drop":19,"minecraft:damage_dealt":574,"minecraft:fly_one_cm":65979,"minecraft:open_chest":14,"minecraft:crouch_one_cm":1083,"minecraft:play_time":87087,"minecraft:sneak_time":378,"minecraft:jump":320,"minecraft:total_world_time":87087,"minecraft:fall_one_cm":7860},"minecraft:picked_up":{"minecraft:stripped_oak_log":1,"minecraft:birch_log":6,"minecraft:crafting_table":5,"minecraft:wheat":4,"minecraft:orange_carpet":1,"paraglider:spirit_orb":6,"minecraft:yellow_bed":2,"minecraft:shield":1,"minecraft:dirt":1,"paraglider:goddess_statue":1,"minecraft:string":4,"minecraft:apple":4,"minecraft:stone_bricks":3,"minecraft:cracked_stone_bricks":5,"minecraft:wheat_seeds":9,"minecraft:stone_pickaxe":1,"dynamictrees:birch_seed":4,"minecraft:cobweb":3,"minecraft:melon_slice":2,"minecraft:stick":10,"minecraft:torch":2,"minecraft:spider_eye":1,"minecraft:blue_carpet":1,"minecraft:bread":2,"minecraft:iron_bars":8,"minecraft:cobblestone":13}},"DataVersion":3465}