{"stats":{"minecraft:picked_up":{"minecraft:birch_log":11,"minecraft:crafting_table":4,"minecraft:azure_bluet":1,"minecraft:leather":5,"minecraft:lead":1,"minecraft:wooden_pickaxe":2,"minecraft:birch_planks":1,"alexsmobs:bison_fur":1,"paraglider:spirit_orb":6,"minecraft:flint":1,"minecraft:shield":1,"minecraft:brick":20,"minecraft:cobblestone_stairs":2,"mca:book_romance":1,"paraglider:goddess_statue":1,"minecraft:string":6,"minecraft:dirt":2,"minecraft:red_bed":2,"minecraft:lantern":1,"minecraft:item_frame":1,"minecraft:stone_bricks":2,"minecraft:cracked_stone_bricks":2,"minecraft:wheat_seeds":1,"vampirism:item_garlic":1,"minecraft:iron_ingot":8,"minecraft:beef":13,"dynamictrees:birch_seed":6,"minecraft:stone_pickaxe":1,"minecraft:cooked_chicken":1,"minecraft:cobblestone_slab":8,"minecraft:oak_planks":1,"minecraft:furnace":1,"minecraft:iron_boots":1,"minecraft:egg":2,"minecraft:raw_iron":74,"minecraft:stick":11,"minecraft:torch":2,"minecraft:gravel":3,"minecraft:birch_stairs":1,"vampirism:crucifix_normal":1,"justhammers:stone_hammer":1,"minecraft:white_bed":2,"alexsmobs:animal_dictionary":1,"blue_skies:lunar_cobblestone":5,"minecraft:rotten_flesh":3,"minecraft:stone_axe":1,"minecraft:hay_block":15,"minecraft:golden_apple":1,"minecraft:coal":67,"minecraft:cobblestone":271},"minecraft:used":{"minecraft:birch_planks":6,"minecraft:stone_pickaxe":136,"minecraft:oak_planks":4,"minecraft:wooden_pickaxe":1,"minecraft:shield":1,"minecraft:torch":46,"minecraft:dirt":2,"minecraft:spyglass":45,"minecraft:crafting_table":5,"minecraft:red_bed":2,"minecraft:white_bed":2,"minecraft:wooden_axe":6,"minecraft:apple":11,"minecraft:bread":13,"minecraft:melon_slice":2,"minecraft:iron_helmet":1,"justhammers:stone_hammer":62,"minecraft:stone_axe":74,"minecraft:oak_sapling":2,"minecraft:furnace":4,"minecraft:cooked_porkchop":1,"alexsmobs:animal_dictionary":1,"minecraft:egg":1,"minecraft:cooked_beef":1,"minecraft:iron_leggings":1},"minecraft:mined":{"minecraft:white_bed":2,"minecraft:glass_pane":2,"blue_skies:lunar_cobblestone":5,"minecraft:red_bed":2,"minecraft:cobblestone_stairs":3,"blue_skies:moonstone":1,"minecraft:torch":2,"minecraft:crafting_table":4,"minecraft:grass_block":3,"minecraft:tall_grass":1,"minecraft:cobblestone":3,"biomesoplenty:huge_clover_petal":28,"minecraft:wall_torch":1,"minecraft:spawner":3,"dynamictrees:oak_leaves":5,"minecraft:hay_block":15,"minecraft:furnace":1,"minecraft:iron_ore":15,"minecraft:azure_bluet":1,"minecraft:grass":13,"minecraft:bookshelf":2,"biomesoplenty:clover":30,"minecraft:coal_ore":22,"minecraft:iron_bars":1,"minecraft:lantern":1,"minecraft:gravel":4,"minecraft:cracked_stone_bricks":5,"minecraft:stone":75,"minecraft:stone_bricks":4,"paraglider:goddess_statue":1},"minecraft:dropped":{"minecraft:bread":1,"minecraft:wheat_seeds":1,"minecraft:cooked_beef":6,"alexsmobs:animal_dictionary":1,"minecraft:leather":1,"minecraft:apple":4,"minecraft:golden_apple":1,"minecraft:emerald":3,"minecraft:cobweb":3,"justhammers:stone_hammer":2,"mca:book_romance":1,"minecraft:melon_slice":2,"minecraft:stone_pickaxe":1,"minecraft:wooden_pickaxe":2,"minecraft:egg":2,"minecraft:brick":10},"minecraft:crafted":{"minecraft:cooked_beef":11,"blue_skies:blue_journal":1,"sophisticatedbackpacks:backpack":1,"minecraft:crafting_table":2,"minecraft:iron_helmet":1,"minecraft:wooden_pickaxe":1,"minecraft:furnace":3,"minecraft:stone":10,"minecraft:birch_planks":44,"minecraft:stone_axe":1,"minecraft:bread":18,"minecraft:air":0,"minecraft:iron_chestplate":1,"justhammers:stone_hammer":2,"minecraft:iron_axe":1,"minecraft:stick":16,"minecraft:iron_pickaxe":1,"minecraft:iron_ingot":38,"minecraft:wooden_axe":1,"minecraft:chest":1,"minecraft:iron_leggings":1,"minecraft:torch":20,"minecraft:wheat":54,"sophisticatedbackpacks:iron_backpack":1},"minecraft:killed":{"alexsmobs:raccoon":2,"minecraft:spider":1,"minecraft:horse":3,"minecraft:skeleton":3,"minecraft:zombie":2,"alexsmobs:bison":1,"minecraft:cow":4},"minecraft:custom":{"minecraft:interact_with_furnace":37,"minecraft:mob_kills":16,"minecraft:traded_with_villager":1,"minecraft:interact_with_crafting_table":29,"minecraft:interact_with_cartography_table":1,"minecraft:open_barrel":4,"vampirism:interact_with_garlic_diffuser":2,"minecraft:bell_ring":6,"minecraft:eat_cake_slice":1,"minecraft:leave_game":2,"minecraft:time_since_death":121782,"minecraft:sleep_in_bed":6,"minecraft:climb_one_cm":5657,"minecraft:time_since_rest":32640,"minecraft:sprint_one_cm":292173,"minecraft:damage_taken":624,"minecraft:walk_one_cm":290761,"minecraft:damage_blocked_by_shield":70,"minecraft:drop":27,"vampirism:interact_with_totem":6,"minecraft:damage_dealt":1934,"minecraft:talked_to_villager":7,"minecraft:fly_one_cm":303225,"minecraft:open_chest":23,"minecraft:crouch_one_cm":14823,"minecraft:play_time":121782,"tombstone:undead_killed":5,"minecraft:sneak_time":4518,"minecraft:jump":1773,"minecraft:interact_with_blast_furnace":1,"minecraft:walk_on_water_one_cm":979,"minecraft:total_world_time":121782,"minecraft:fall_one_cm":52122}},"DataVersion":3465}