{"stats":{"minecraft:used":{"minecraft:wooden_axe":6,"minecraft:apple":5,"minecraft:melon_slice":2,"minecraft:bread":2,"minecraft:stone_pickaxe":39,"minecraft:shield":1,"minecraft:wooden_pickaxe":1,"minecraft:stone_axe":11,"minecraft:torch":23,"minecraft:crafting_table":2,"minecraft:oak_sapling":2,"minecraft:white_bed":1},"minecraft:killed":{"minecraft:skeleton":1,"minecraft:zombie":2,"minecraft:spider":1},"minecraft:mined":{"minecraft:white_bed":2,"minecraft:cobblestone_stairs":1,"minecraft:crafting_table":2,"minecraft:grass":6,"biomesoplenty:clover":20,"minecraft:bookshelf":2,"minecraft:grass_block":1,"minecraft:iron_bars":1,"minecraft:cobblestone":1,"minecraft:cracked_stone_bricks":5,"minecraft:stone":25,"biomesoplenty:huge_clover_petal":8,"minecraft:stone_bricks":4,"minecraft:wall_torch":1,"paraglider:goddess_statue":1,"minecraft:spawner":2},"minecraft:dropped":{"minecraft:cobweb":3,"minecraft:bread":1,"minecraft:wheat_seeds":1,"minecraft:melon_slice":2,"minecraft:apple":4,"minecraft:stone_pickaxe":1},"minecraft:crafted":{"minecraft:crafting_table":1,"minecraft:wooden_pickaxe":1,"minecraft:wooden_axe":1,"minecraft:torch":20,"minecraft:birch_planks":44,"minecraft:stone_axe":1},"minecraft:custom":{"minecraft:time_since_rest":16034,"minecraft:interact_with_furnace":2,"minecraft:sprint_one_cm":96986,"minecraft:damage_taken":138,"minecraft:walk_one_cm":109869,"minecraft:damage_blocked_by_shield":70,"minecraft:mob_kills":4,"minecraft:drop":12,"vampirism:interact_with_totem":6,"minecraft:damage_dealt":507,"minecraft:fly_one_cm":81983,"minecraft:interact_with_crafting_table":5,"minecraft:open_chest":12,"minecraft:crouch_one_cm":5959,"minecraft:play_time":43170,"tombstone:undead_killed":3,"minecraft:sneak_time":1673,"minecraft:bell_ring":6,"minecraft:jump":425,"minecraft:eat_cake_slice":1,"minecraft:time_since_death":43170,"minecraft:walk_on_water_one_cm":56,"minecraft:sleep_in_bed":2,"minecraft:total_world_time":43170,"minecraft:fall_one_cm":8243},"minecraft:picked_up":{"minecraft:birch_log":11,"minecraft:stick":11,"minecraft:crafting_table":2,"paraglider:spirit_orb":4,"minecraft:white_bed":2,"minecraft:shield":1,"minecraft:cobblestone_stairs":1,"paraglider:goddess_statue":1,"minecraft:rotten_flesh":3,"minecraft:stone_bricks":2,"minecraft:cracked_stone_bricks":2,"minecraft:wheat_seeds":1,"minecraft:cooked_chicken":1,"dynamictrees:birch_seed":3,"minecraft:cobblestone":20}},"DataVersion":3465}