{"stats":{"minecraft:used":{"minecraft:wooden_axe":6,"minecraft:apple":2,"minecraft:bread":2,"minecraft:wooden_pickaxe":1,"minecraft:crafting_table":2,"minecraft:oak_sapling":2,"minecraft:white_bed":1},"minecraft:mined":{"minecraft:white_bed":2,"minecraft:crafting_table":2,"minecraft:grass":6,"biomesoplenty:clover":20,"minecraft:grass_block":1,"biomesoplenty:huge_clover_petal":8,"paraglider:goddess_statue":1},"minecraft:dropped":{"minecraft:bread":1,"minecraft:wheat_seeds":1,"minecraft:apple":1},"minecraft:crafted":{"minecraft:crafting_table":1,"minecraft:wooden_pickaxe":1,"minecraft:wooden_axe":1,"minecraft:birch_planks":44},"minecraft:custom":{"minecraft:time_since_rest":4034,"minecraft:interact_with_furnace":1,"minecraft:sprint_one_cm":55795,"minecraft:damage_taken":20,"minecraft:walk_one_cm":44277,"minecraft:drop":3,"vampirism:interact_with_totem":6,"minecraft:damage_dealt":78,"minecraft:fly_one_cm":68841,"minecraft:interact_with_crafting_table":3,"minecraft:open_chest":1,"minecraft:crouch_one_cm":2798,"minecraft:play_time":31170,"minecraft:sneak_time":1016,"minecraft:bell_ring":6,"minecraft:jump":355,"minecraft:time_since_death":31170,"minecraft:walk_on_water_one_cm":56,"minecraft:sleep_in_bed":2,"minecraft:total_world_time":31170,"minecraft:fall_one_cm":8243},"minecraft:picked_up":{"minecraft:birch_log":11,"minecraft:stick":11,"minecraft:crafting_table":2,"minecraft:white_bed":2,"paraglider:goddess_statue":1,"minecraft:wheat_seeds":1,"dynamictrees:birch_seed":3}},"DataVersion":3465}