{"stats":{"minecraft:used":{"minecraft:apple":2,"minecraft:oak_sapling":2},"minecraft:mined":{"minecraft:grass":2,"biomesoplenty:clover":14,"minecraft:grass_block":1,"minecraft:white_bed":1,"biomesoplenty:huge_clover_petal":4},"minecraft:dropped":{"minecraft:apple":1,"minecraft:wheat_seeds":1},"minecraft:crafted":{"minecraft:birch_planks":8},"minecraft:custom":{"minecraft:time_since_rest":5079,"minecraft:open_chest":1,"minecraft:crouch_one_cm":1498,"minecraft:play_time":19170,"minecraft:sprint_one_cm":26523,"minecraft:walk_one_cm":16141,"minecraft:bell_ring":6,"minecraft:sneak_time":684,"vampirism:interact_with_totem":6,"minecraft:drop":2,"minecraft:jump":160,"minecraft:walk_on_water_one_cm":56,"minecraft:time_since_death":19170,"minecraft:sleep_in_bed":1,"minecraft:total_world_time":19170,"minecraft:fall_one_cm":5517,"minecraft:fly_one_cm":37247},"minecraft:picked_up":{"minecraft:birch_log":2,"minecraft:stick":4,"minecraft:wheat_seeds":1,"dynamictrees:birch_seed":1,"minecraft:white_bed":1}},"DataVersion":3465}