{"stats":{"minecraft:used":{"minecraft:stone_pickaxe":74,"minecraft:oak_planks":4,"minecraft:wooden_pickaxe":1,"minecraft:shield":1,"minecraft:torch":46,"minecraft:dirt":2,"minecraft:crafting_table":4,"minecraft:red_bed":2,"minecraft:white_bed":2,"minecraft:wooden_axe":6,"minecraft:apple":11,"minecraft:bread":2,"minecraft:melon_slice":2,"justhammers:stone_hammer":10,"minecraft:stone_axe":45,"minecraft:furnace":3,"minecraft:oak_sapling":2,"minecraft:cooked_porkchop":1,"minecraft:egg":1,"minecraft:cooked_beef":1},"minecraft:killed":{"alexsmobs:raccoon":2,"minecraft:spider":1,"minecraft:horse":3,"minecraft:skeleton":3,"minecraft:zombie":2,"alexsmobs:bison":1,"minecraft:cow":4},"minecraft:mined":{"minecraft:white_bed":2,"minecraft:red_bed":2,"minecraft:cobblestone_stairs":1,"minecraft:torch":2,"minecraft:crafting_table":3,"minecraft:grass_block":3,"minecraft:tall_grass":1,"minecraft:cobblestone":1,"biomesoplenty:huge_clover_petal":18,"minecraft:wall_torch":1,"minecraft:spawner":3,"minecraft:furnace":1,"minecraft:iron_ore":4,"minecraft:grass":10,"biomesoplenty:clover":24,"minecraft:bookshelf":2,"minecraft:coal_ore":22,"minecraft:iron_bars":1,"minecraft:cracked_stone_bricks":5,"minecraft:stone_bricks":4,"minecraft:stone":28,"paraglider:goddess_statue":1},"minecraft:dropped":{"minecraft:bread":1,"minecraft:wheat_seeds":1,"minecraft:cooked_beef":6,"minecraft:leather":1,"minecraft:apple":4,"minecraft:cobweb":3,"justhammers:stone_hammer":2,"minecraft:melon_slice":2,"minecraft:stone_pickaxe":1,"minecraft:wooden_pickaxe":2,"minecraft:brick":10,"minecraft:egg":2},"minecraft:custom":{"minecraft:interact_with_furnace":20,"minecraft:mob_kills":16,"minecraft:interact_with_crafting_table":19,"minecraft:bell_ring":6,"minecraft:eat_cake_slice":1,"minecraft:time_since_death":79170,"minecraft:sleep_in_bed":5,"minecraft:time_since_rest":2822,"minecraft:sprint_one_cm":189100,"minecraft:damage_taken":274,"minecraft:walk_one_cm":199474,"minecraft:damage_blocked_by_shield":70,"vampirism:interact_with_totem":6,"minecraft:drop":21,"minecraft:damage_dealt":1934,"minecraft:fly_one_cm":184872,"minecraft:open_chest":19,"minecraft:crouch_one_cm":8015,"minecraft:play_time":79170,"tombstone:undead_killed":5,"minecraft:sneak_time":2289,"minecraft:jump":949,"minecraft:walk_on_water_one_cm":979,"minecraft:total_world_time":79170,"minecraft:fall_one_cm":25021},"minecraft:crafted":{"minecraft:cooked_beef":11,"sophisticatedbackpacks:backpack":1,"minecraft:crafting_table":1,"minecraft:wooden_pickaxe":1,"minecraft:furnace":2,"minecraft:stone":10,"minecraft:birch_planks":44,"minecraft:stone_axe":1,"minecraft:air":0,"justhammers:stone_hammer":2,"minecraft:iron_axe":1,"minecraft:stick":8,"minecraft:iron_ingot":4,"minecraft:wooden_axe":1,"minecraft:chest":1,"minecraft:torch":20,"sophisticatedbackpacks:iron_backpack":1},"minecraft:picked_up":{"minecraft:birch_log":11,"minecraft:crafting_table":3,"minecraft:leather":5,"minecraft:wooden_pickaxe":2,"alexsmobs:bison_fur":1,"paraglider:spirit_orb":6,"minecraft:brick":20,"minecraft:shield":1,"minecraft:cobblestone_stairs":1,"minecraft:dirt":2,"paraglider:goddess_statue":1,"minecraft:string":4,"minecraft:red_bed":2,"minecraft:stone_bricks":2,"minecraft:cracked_stone_bricks":2,"minecraft:wheat_seeds":1,"minecraft:iron_ingot":8,"dynamictrees:birch_seed":6,"minecraft:beef":13,"minecraft:cooked_chicken":1,"minecraft:oak_planks":1,"minecraft:iron_boots":1,"minecraft:furnace":1,"minecraft:egg":2,"minecraft:raw_iron":12,"minecraft:stick":11,"minecraft:torch":2,"justhammers:stone_hammer":1,"minecraft:white_bed":2,"minecraft:rotten_flesh":3,"minecraft:coal":22,"minecraft:cobblestone":81}},"DataVersion":3465}