{"stats":{"minecraft:used":{"minecraft:stone_pickaxe":40,"minecraft:oak_planks":4,"minecraft:wooden_pickaxe":1,"minecraft:shield":1,"minecraft:torch":37,"minecraft:crafting_table":2,"minecraft:white_bed":2,"minecraft:wooden_axe":6,"minecraft:apple":11,"minecraft:bread":2,"minecraft:melon_slice":2,"minecraft:stone_axe":40,"minecraft:oak_sapling":2,"minecraft:egg":1},"minecraft:killed":{"alexsmobs:raccoon":1,"minecraft:spider":1,"minecraft:horse":2,"minecraft:skeleton":3,"minecraft:zombie":2,"alexsmobs:bison":1,"minecraft:cow":4},"minecraft:mined":{"minecraft:white_bed":2,"minecraft:red_bed":1,"minecraft:cobblestone_stairs":1,"minecraft:crafting_table":2,"minecraft:grass_block":1,"minecraft:tall_grass":1,"minecraft:cobblestone":1,"biomesoplenty:huge_clover_petal":8,"minecraft:wall_torch":1,"minecraft:spawner":3,"minecraft:grass":6,"biomesoplenty:clover":20,"minecraft:bookshelf":2,"minecraft:iron_bars":1,"minecraft:cracked_stone_bricks":5,"minecraft:stone_bricks":4,"minecraft:stone":25,"paraglider:goddess_statue":1},"minecraft:dropped":{"minecraft:bread":1,"minecraft:wheat_seeds":1,"minecraft:apple":4,"minecraft:cobweb":3,"minecraft:melon_slice":2,"minecraft:stone_pickaxe":1,"minecraft:egg":2},"minecraft:crafted":{"minecraft:crafting_table":1,"minecraft:wooden_pickaxe":1,"minecraft:birch_planks":44,"minecraft:stone_axe":1,"minecraft:wooden_axe":1,"minecraft:torch":20},"minecraft:custom":{"minecraft:interact_with_furnace":3,"minecraft:mob_kills":14,"minecraft:interact_with_crafting_table":5,"minecraft:bell_ring":6,"minecraft:eat_cake_slice":1,"minecraft:time_since_death":55170,"minecraft:sleep_in_bed":3,"minecraft:time_since_rest":5686,"minecraft:sprint_one_cm":145420,"minecraft:damage_taken":254,"minecraft:walk_one_cm":156348,"minecraft:damage_blocked_by_shield":70,"vampirism:interact_with_totem":6,"minecraft:drop":14,"minecraft:damage_dealt":1684,"minecraft:fly_one_cm":113942,"minecraft:open_chest":19,"minecraft:crouch_one_cm":6758,"minecraft:play_time":55170,"tombstone:undead_killed":5,"minecraft:sneak_time":1789,"minecraft:jump":607,"minecraft:walk_on_water_one_cm":56,"minecraft:total_world_time":55170,"minecraft:fall_one_cm":13584},"minecraft:picked_up":{"minecraft:birch_log":11,"minecraft:crafting_table":2,"minecraft:leather":3,"alexsmobs:bison_fur":1,"paraglider:spirit_orb":6,"minecraft:shield":1,"minecraft:cobblestone_stairs":1,"paraglider:goddess_statue":1,"minecraft:red_bed":1,"minecraft:stone_bricks":2,"minecraft:cracked_stone_bricks":2,"minecraft:wheat_seeds":1,"dynamictrees:birch_seed":6,"minecraft:beef":13,"minecraft:cooked_chicken":1,"minecraft:oak_planks":1,"minecraft:egg":2,"minecraft:stick":11,"minecraft:white_bed":2,"minecraft:rotten_flesh":3,"minecraft:cobblestone":20}},"DataVersion":3465}