{"stats":{"minecraft:used":{"minecraft:stone_pickaxe":51,"minecraft:oak_planks":4,"minecraft:wooden_pickaxe":1,"minecraft:shield":1,"minecraft:torch":40,"minecraft:crafting_table":3,"minecraft:red_bed":2,"minecraft:white_bed":2,"minecraft:wooden_axe":6,"minecraft:apple":11,"minecraft:bread":2,"minecraft:melon_slice":2,"minecraft:stone_axe":45,"minecraft:furnace":1,"minecraft:oak_sapling":2,"minecraft:cooked_porkchop":1,"minecraft:egg":1,"minecraft:cooked_beef":1},"minecraft:killed":{"alexsmobs:raccoon":2,"minecraft:spider":1,"minecraft:horse":3,"minecraft:skeleton":3,"minecraft:zombie":2,"alexsmobs:bison":1,"minecraft:cow":4},"minecraft:mined":{"minecraft:white_bed":2,"minecraft:red_bed":2,"minecraft:cobblestone_stairs":1,"minecraft:torch":1,"minecraft:crafting_table":3,"minecraft:grass_block":2,"minecraft:tall_grass":1,"minecraft:cobblestone":1,"biomesoplenty:huge_clover_petal":14,"minecraft:wall_torch":1,"minecraft:spawner":3,"minecraft:furnace":1,"minecraft:iron_ore":2,"minecraft:grass":7,"biomesoplenty:clover":22,"minecraft:bookshelf":2,"minecraft:coal_ore":4,"minecraft:iron_bars":1,"minecraft:cracked_stone_bricks":5,"minecraft:stone_bricks":4,"minecraft:stone":26,"paraglider:goddess_statue":1},"minecraft:dropped":{"minecraft:bread":1,"minecraft:wheat_seeds":1,"minecraft:leather":1,"minecraft:apple":4,"minecraft:cobweb":3,"minecraft:melon_slice":2,"minecraft:stone_pickaxe":1,"minecraft:wooden_pickaxe":2,"minecraft:brick":10,"minecraft:egg":2},"minecraft:custom":{"minecraft:interact_with_furnace":6,"minecraft:mob_kills":16,"minecraft:interact_with_crafting_table":11,"minecraft:bell_ring":6,"minecraft:eat_cake_slice":1,"minecraft:time_since_death":67170,"minecraft:sleep_in_bed":4,"minecraft:time_since_rest":3569,"minecraft:sprint_one_cm":162964,"minecraft:damage_taken":264,"minecraft:walk_one_cm":173786,"minecraft:damage_blocked_by_shield":70,"vampirism:interact_with_totem":6,"minecraft:drop":18,"minecraft:damage_dealt":1934,"minecraft:fly_one_cm":144983,"minecraft:open_chest":19,"minecraft:crouch_one_cm":7399,"minecraft:play_time":67170,"tombstone:undead_killed":5,"minecraft:sneak_time":2053,"minecraft:jump":745,"minecraft:walk_on_water_one_cm":979,"minecraft:total_world_time":67170,"minecraft:fall_one_cm":18542},"minecraft:crafted":{"minecraft:cooked_beef":11,"sophisticatedbackpacks:backpack":1,"minecraft:crafting_table":1,"minecraft:wooden_pickaxe":1,"minecraft:furnace":1,"minecraft:birch_planks":44,"minecraft:stone_axe":1,"minecraft:air":0,"minecraft:wooden_axe":1,"minecraft:chest":1,"minecraft:torch":20,"sophisticatedbackpacks:iron_backpack":1},"minecraft:picked_up":{"minecraft:birch_log":11,"minecraft:crafting_table":3,"minecraft:leather":5,"minecraft:wooden_pickaxe":2,"alexsmobs:bison_fur":1,"paraglider:spirit_orb":6,"minecraft:brick":10,"minecraft:shield":1,"minecraft:cobblestone_stairs":1,"minecraft:dirt":1,"paraglider:goddess_statue":1,"minecraft:string":4,"minecraft:red_bed":2,"minecraft:stone_bricks":2,"minecraft:cracked_stone_bricks":2,"minecraft:wheat_seeds":1,"minecraft:iron_ingot":8,"dynamictrees:birch_seed":6,"minecraft:beef":13,"minecraft:cooked_chicken":1,"minecraft:oak_planks":1,"minecraft:furnace":1,"minecraft:egg":2,"minecraft:raw_iron":2,"minecraft:stick":11,"minecraft:torch":1,"minecraft:white_bed":2,"minecraft:rotten_flesh":3,"minecraft:coal":4,"minecraft:cobblestone":21}},"DataVersion":3465}