{"stats":{"minecraft:picked_up":{"minecraft:crafting_table":6,"minecraft:wheat":2,"minecraft:azure_bluet":1,"minecraft:chainmail_boots":1,"minecraft:ladder":1,"minecraft:anvil":1,"minecraft:lead":1,"minecraft:wooden_pickaxe":2,"biomesoplenty:violet":1,"minecraft:enchanted_book":1,"minecraft:stone_brick_stairs":1,"blue_skies:scalefruit":6,"minecraft:shield":1,"minecraft:brick":20,"paraglider:goddess_statue":1,"minecraft:string":6,"minecraft:red_bed":2,"minecraft:raw_copper":54,"minecraft:item_frame":1,"cfm:oak_kitchen_counter":1,"paraglider:deku_leaf":1,"minecraft:cracked_stone_bricks":6,"minecraft:beef":20,"minecraft:cobblestone_slab":8,"minecraft:calcite":2,"dynamictrees:oak_seed":30,"minecraft:furnace":2,"minecraft:egg":2,"minecraft:iron_boots":1,"minecraft:stick":108,"minecraft:raw_iron":117,"minecraft:oak_fence":3,"minecraft:torch":6,"minecraft:spruce_fence":5,"minecraft:diorite":9,"tombstone:grave_dust":1,"vampirism:vampire_fang":1,"minecraft:redstone":3,"blue_skies:lunar_cobblestone":5,"minecraft:stone_sword":1,"minecraft:arrow":3,"minecraft:rotten_flesh":24,"blue_skies:scalefruit_seeds":5,"minecraft:hay_block":15,"minecraft:deepslate_brick_stairs":4,"minecraft:iron_bars":2,"minecraft:cobblestone":559,"biomesoplenty:lavender":3,"minecraft:birch_log":11,"minecraft:leather_chestplate":1,"vampirism:vampire_blood_bottle":1,"cfm:oak_crate":2,"minecraft:andesite":16,"minecraft:leather":6,"cfm:oak_chair":2,"minecraft:birch_planks":1,"alexsmobs:bison_fur":1,"paraglider:spirit_orb":8,"minecraft:flint":1,"minecraft:oak_log":64,"minecraft:cobblestone_stairs":2,"mca:book_romance":1,"minecraft:dirt":75,"minecraft:lantern":1,"tombstone:gift":1,"minecraft:bone":8,"minecraft:stone_bricks":8,"minecraft:wheat_seeds":36,"dynamictrees:birch_seed":6,"minecraft:iron_ingot":9,"vampirism:item_garlic":1,"minecraft:stone_pickaxe":3,"minecraft:cooked_chicken":1,"minecraft:oak_planks":1,"minecraft:gravel":4,"minecraft:birch_stairs":1,"vampirism:crucifix_normal":1,"minecraft:stripped_spruce_log":2,"justhammers:stone_hammer":1,"minecraft:white_bed":3,"alexsmobs:animal_dictionary":1,"minecraft:stone_axe":1,"minecraft:crossbow":1,"minecraft:golden_apple":1,"minecraft:emerald":2,"minecraft:jack_o_lantern":5,"iceandfire:raw_silver":4,"minecraft:coal":106},"minecraft:dropped":{"minecraft:enchanted_book":2,"minecraft:iron_ingot":1,"minecraft:bread":1,"minecraft:wheat_seeds":1,"minecraft:cooked_beef":6,"minecraft:crossbow":1,"biomesoplenty:lavender":3,"minecraft:cobblestone":22,"minecraft:leather":1,"minecraft:apple":4,"minecraft:golden_apple":1,"minecraft:sentry_armor_trim_smithing_template":2,"minecraft:flint":1,"minecraft:stick":16,"minecraft:emerald":4,"biomesoplenty:violet":1,"minecraft:iron_block":1,"minecraft:cobweb":3,"minecraft:deepslate_brick_stairs":2,"minecraft:birch_fence":6,"mca:book_romance":1,"minecraft:melon_slice":2,"minecraft:tripwire_hook":3,"minecraft:goat_horn":1,"alexsmobs:animal_dictionary":1,"minecraft:wheat":9,"minecraft:raw_iron":5,"minecraft:rotten_flesh":8,"minecraft:spruce_fence":3,"justhammers:stone_hammer":2,"vampirism:vampire_blood_bottle":1,"vampirism:vampire_fang":1,"minecraft:ladder":1,"minecraft:iron_bars":2,"minecraft:arrow":9,"minecraft:wooden_pickaxe":2,"minecraft:stone_pickaxe":3,"minecraft:brick":10,"minecraft:egg":2},"minecraft:crafted":{"minecraft:oak_planks":36,"minecraft:furnace":3,"minecraft:stone":10,"minecraft:iron_axe":2,"minecraft:iron_hoe":1,"minecraft:chest":1,"minecraft:oak_fence":15,"sophisticatedbackpacks:iron_backpack":1,"minecraft:wheat":135,"minecraft:cooked_beef":16,"blue_skies:blue_journal":1,"sophisticatedbackpacks:backpack":1,"minecraft:crafting_table":2,"minecraft:wooden_pickaxe":1,"minecraft:iron_helmet":1,"minecraft:birch_planks":44,"minecraft:bucket":2,"minecraft:stone_axe":1,"minecraft:bread":43,"minecraft:air":0,"minecraft:oak_fence_gate":1,"minecraft:iron_chestplate":1,"justhammers:stone_hammer":2,"minecraft:birch_fence":6,"minecraft:stick":36,"minecraft:iron_ingot":104,"minecraft:iron_pickaxe":1,"minecraft:wooden_axe":1,"minecraft:iron_block":1,"minecraft:iron_shovel":1,"minecraft:iron_leggings":1,"minecraft:torch":32},"minecraft:custom":{"minecraft:interact_with_smithing_table":8,"minecraft:interact_with_anvil":4,"minecraft:mob_kills":69,"minecraft:animals_bred":5,"minecraft:interact_with_crafting_table":51,"minecraft:open_barrel":4,"minecraft:bell_ring":6,"minecraft:damage_dealt_resisted":365,"minecraft:eat_cake_slice":1,"minecraft:leave_game":3,"minecraft:time_since_death":33198,"minecraft:climb_one_cm":5985,"minecraft:sprint_one_cm":697933,"minecraft:walk_one_cm":818956,"minecraft:damage_blocked_by_shield":740,"minecraft:drop":114,"vampirism:interact_with_totem":6,"minecraft:talked_to_villager":7,"minecraft:play_time":283882,"minecraft:deaths":1,"minecraft:sneak_time":9688,"minecraft:walk_under_water_one_cm":686,"minecraft:interact_with_brewingstand":3,"minecraft:jump":4532,"minecraft:interact_with_blast_furnace":17,"minecraft:walk_on_water_one_cm":2571,"minecraft:total_world_time":283882,"minecraft:interact_with_furnace":61,"tombstone:raider_killed":13,"minecraft:traded_with_villager":1,"minecraft:interact_with_cartography_table":1,"vampirism:interact_with_garlic_diffuser":2,"minecraft:interact_with_grindstone":1,"minecraft:sleep_in_bed":24,"minecraft:time_since_rest":18480,"minecraft:waystone_activated":2,"minecraft:damage_taken":3649,"minecraft:damage_absorbed":40,"minecraft:damage_dealt":12316,"minecraft:swim_one_cm":107,"minecraft:fly_one_cm":696960,"minecraft:open_chest":92,"minecraft:crouch_one_cm":29714,"tombstone:undead_killed":30,"minecraft:interact_with_smoker":2,"minecraft:fall_one_cm":124018},"minecraft:broken":{"minecraft:stone_axe":2,"minecraft:iron_pickaxe":1,"aether:chainmail_gloves":1},"minecraft:killed":{"vampirism:vampire":2,"alexsmobs:raccoon":3,"minecraft:spider":1,"minecraft:skeleton":9,"minecraft:horse":3,"alexsmobs:bison":1,"alexsmobs:grizzly_bear":1,"alexsmobs:skunk":1,"minecraft:pillager":13,"minecraft:zombie":21,"minecraft:cow":7},"minecraft:mined":{"iceandfire:silver_ore":4,"minecraft:white_bed":3,"blue_skies:lunar_cobblestone":5,"minecraft:cobblestone_stairs":3,"minecraft:jack_o_lantern":5,"blue_skies:moonstone":1,"minecraft:ladder":1,"minecraft:grass_block":55,"minecraft:spruce_fence":9,"minecraft:spawner":4,"minecraft:hay_block":15,"dynamictrees:oak_leaves":20,"minecraft:furnace":2,"minecraft:iron_ore":22,"biomesoplenty:lavender":4,"minecraft:andesite":16,"minecraft:stripped_spruce_log":2,"minecraft:azure_bluet":1,"minecraft:bookshelf":2,"minecraft:iron_bars":3,"minecraft:lantern":1,"minecraft:deepslate_brick_stairs":1,"minecraft:stone":303,"minecraft:glass_pane":2,"minecraft:red_bed":2,"minecraft:oak_fence":2,"minecraft:crafting_table":7,"minecraft:torch":4,"minecraft:emerald_ore":2,"minecraft:tall_grass":17,"minecraft:copper_ore":19,"minecraft:cobblestone":4,"biomesoplenty:huge_clover_petal":28,"minecraft:diorite":9,"minecraft:wall_torch":5,"cfm:oak_chair":2,"minecraft:wheat":8,"dynamictrees:birch_leaves":7,"minecraft:stone_brick_stairs":1,"minecraft:grass":125,"biomesoplenty:clover":36,"minecraft:coal_ore":47,"minecraft:gravel":5,"minecraft:dirt":10,"minecraft:cracked_stone_bricks":8,"minecraft:stone_bricks":8,"paraglider:goddess_statue":1},"minecraft:used":{"minecraft:oak_fence":18,"minecraft:jack_o_lantern":5,"minecraft:iron_shovel":56,"minecraft:shield":20,"dynamictrees:oak_seed":27,"minecraft:torch":55,"minecraft:dirt":75,"minecraft:spyglass":99,"minecraft:anvil":1,"minecraft:spruce_fence":2,"minecraft:oak_fence_gate":1,"minecraft:iron_hoe":40,"minecraft:wooden_axe":6,"minecraft:iron_axe":175,"minecraft:iron_helmet":1,"minecraft:stone_bricks":6,"blue_skies:scalefruit_seeds":5,"minecraft:oak_sapling":2,"minecraft:goat_horn":3,"minecraft:furnace":4,"tombstone:gift":6,"minecraft:egg":1,"minecraft:cooked_beef":13,"blue_skies:scalefruit":6,"minecraft:iron_leggings":1,"minecraft:wheat_seeds":28,"minecraft:water_bucket":13,"minecraft:birch_planks":6,"minecraft:stone_pickaxe":212,"minecraft:oak_planks":4,"minecraft:wooden_pickaxe":1,"minecraft:cracked_stone_bricks":4,"minecraft:golden_apple":1,"minecraft:red_bed":2,"minecraft:crafting_table":8,"minecraft:white_bed":2,"cfm:oak_chair":2,"minecraft:apple":11,"minecraft:bread":50,"minecraft:melon_slice":2,"minecraft:iron_pickaxe":250,"minecraft:gravel":3,"justhammers:stone_hammer":83,"minecraft:stone_axe":165,"minecraft:cobblestone":59,"minecraft:cooked_porkchop":1,"minecraft:bucket":14,"alexsmobs:animal_dictionary":1,"minecraft:experience_bottle":2}},"DataVersion":3465}