{"stats":{"minecraft:picked_up":{"minecraft:crafting_table":6,"minecraft:azure_bluet":1,"minecraft:anvil":1,"minecraft:lead":1,"minecraft:wooden_pickaxe":2,"biomesoplenty:violet":1,"blue_skies:scalefruit":6,"minecraft:brick":20,"minecraft:shield":1,"paraglider:goddess_statue":1,"minecraft:string":6,"minecraft:red_bed":2,"minecraft:raw_copper":54,"minecraft:item_frame":1,"cfm:oak_kitchen_counter":1,"minecraft:cracked_stone_bricks":2,"minecraft:beef":13,"minecraft:cobblestone_slab":8,"dynamictrees:oak_seed":2,"minecraft:egg":2,"minecraft:iron_boots":1,"minecraft:furnace":2,"minecraft:stick":20,"minecraft:raw_iron":112,"minecraft:oak_fence":3,"minecraft:torch":2,"tombstone:grave_dust":1,"vampirism:vampire_fang":1,"minecraft:redstone":3,"blue_skies:lunar_cobblestone":5,"minecraft:arrow":3,"minecraft:rotten_flesh":7,"blue_skies:scalefruit_seeds":5,"minecraft:hay_block":15,"minecraft:cobblestone":341,"biomesoplenty:lavender":3,"minecraft:birch_log":11,"cfm:oak_crate":2,"minecraft:leather":5,"cfm:oak_chair":2,"minecraft:birch_planks":1,"alexsmobs:bison_fur":1,"paraglider:spirit_orb":6,"minecraft:flint":1,"minecraft:oak_log":9,"minecraft:cobblestone_stairs":2,"mca:book_romance":1,"minecraft:dirt":69,"minecraft:lantern":1,"minecraft:bone":8,"minecraft:stone_bricks":2,"minecraft:wheat_seeds":15,"minecraft:stone_pickaxe":3,"dynamictrees:birch_seed":6,"vampirism:item_garlic":1,"minecraft:iron_ingot":8,"minecraft:cooked_chicken":1,"minecraft:oak_planks":1,"minecraft:gravel":3,"vampirism:crucifix_normal":1,"minecraft:birch_stairs":1,"justhammers:stone_hammer":1,"minecraft:white_bed":3,"alexsmobs:animal_dictionary":1,"minecraft:stone_axe":1,"minecraft:golden_apple":1,"minecraft:emerald":1,"minecraft:coal":82},"minecraft:used":{"minecraft:oak_fence":18,"minecraft:iron_shovel":53,"minecraft:shield":8,"minecraft:torch":46,"minecraft:dirt":56,"minecraft:spyglass":89,"minecraft:anvil":1,"minecraft:iron_hoe":37,"minecraft:oak_fence_gate":1,"minecraft:wooden_axe":6,"minecraft:iron_helmet":1,"blue_skies:scalefruit_seeds":1,"minecraft:furnace":4,"minecraft:oak_sapling":2,"tombstone:gift":2,"minecraft:egg":1,"minecraft:cooked_beef":7,"minecraft:iron_leggings":1,"minecraft:wheat_seeds":5,"minecraft:water_bucket":7,"minecraft:birch_planks":6,"minecraft:stone_pickaxe":168,"minecraft:oak_planks":4,"minecraft:wooden_pickaxe":1,"minecraft:crafting_table":7,"minecraft:red_bed":2,"minecraft:white_bed":2,"cfm:oak_chair":2,"minecraft:apple":11,"minecraft:melon_slice":2,"minecraft:bread":31,"minecraft:iron_pickaxe":2,"minecraft:gravel":3,"justhammers:stone_hammer":82,"minecraft:stone_axe":151,"minecraft:cobblestone":9,"minecraft:cooked_porkchop":1,"minecraft:bucket":8,"alexsmobs:animal_dictionary":1},"minecraft:mined":{"minecraft:white_bed":3,"blue_skies:lunar_cobblestone":5,"minecraft:cobblestone_stairs":3,"blue_skies:moonstone":1,"minecraft:grass_block":54,"minecraft:spawner":3,"minecraft:hay_block":15,"dynamictrees:oak_leaves":17,"minecraft:furnace":2,"minecraft:iron_ore":17,"biomesoplenty:lavender":4,"minecraft:azure_bluet":1,"minecraft:bookshelf":2,"minecraft:iron_bars":1,"minecraft:lantern":1,"minecraft:stone":86,"minecraft:glass_pane":2,"minecraft:red_bed":2,"minecraft:oak_fence":2,"minecraft:crafting_table":6,"minecraft:torch":4,"minecraft:emerald_ore":1,"minecraft:copper_ore":19,"minecraft:tall_grass":16,"minecraft:cobblestone":3,"biomesoplenty:huge_clover_petal":28,"minecraft:wall_torch":1,"cfm:oak_chair":2,"dynamictrees:birch_leaves":5,"minecraft:grass":54,"biomesoplenty:clover":36,"minecraft:coal_ore":23,"minecraft:dirt":5,"minecraft:gravel":4,"minecraft:cracked_stone_bricks":5,"minecraft:stone_bricks":4,"paraglider:goddess_statue":1},"minecraft:crafted":{"minecraft:oak_planks":36,"minecraft:furnace":3,"minecraft:stone":10,"minecraft:iron_axe":1,"minecraft:iron_hoe":1,"minecraft:chest":1,"minecraft:oak_fence":15,"sophisticatedbackpacks:iron_backpack":1,"minecraft:wheat":135,"minecraft:cooked_beef":11,"blue_skies:blue_journal":1,"sophisticatedbackpacks:backpack":1,"minecraft:crafting_table":2,"minecraft:wooden_pickaxe":1,"minecraft:iron_helmet":1,"minecraft:bucket":2,"minecraft:birch_planks":44,"minecraft:stone_axe":1,"minecraft:bread":26,"minecraft:air":0,"minecraft:oak_fence_gate":1,"minecraft:iron_chestplate":1,"justhammers:stone_hammer":2,"minecraft:birch_fence":6,"minecraft:stick":36,"minecraft:iron_ingot":104,"minecraft:iron_pickaxe":1,"minecraft:wooden_axe":1,"minecraft:iron_block":1,"minecraft:iron_shovel":1,"minecraft:iron_leggings":1,"minecraft:torch":20},"minecraft:dropped":{"minecraft:bread":1,"minecraft:wheat_seeds":1,"minecraft:cooked_beef":6,"biomesoplenty:lavender":3,"minecraft:cobblestone":22,"minecraft:apple":4,"minecraft:leather":1,"minecraft:golden_apple":1,"minecraft:iron_block":1,"minecraft:emerald":3,"minecraft:flint":1,"biomesoplenty:violet":1,"minecraft:cobweb":3,"minecraft:birch_fence":6,"mca:book_romance":1,"minecraft:melon_slice":2,"alexsmobs:animal_dictionary":1,"minecraft:wheat":9,"justhammers:stone_hammer":2,"vampirism:vampire_fang":1,"minecraft:arrow":3,"minecraft:stone_pickaxe":3,"minecraft:wooden_pickaxe":2,"minecraft:brick":10,"minecraft:egg":2},"minecraft:killed":{"vampirism:vampire":1,"alexsmobs:raccoon":3,"minecraft:spider":1,"minecraft:skeleton":8,"minecraft:horse":3,"alexsmobs:bison":1,"alexsmobs:grizzly_bear":1,"minecraft:pillager":2,"minecraft:zombie":7,"minecraft:cow":4},"minecraft:custom":{"minecraft:interact_with_smithing_table":7,"minecraft:interact_with_anvil":4,"minecraft:mob_kills":32,"minecraft:animals_bred":5,"minecraft:interact_with_crafting_table":45,"minecraft:open_barrel":4,"minecraft:bell_ring":6,"minecraft:damage_dealt_resisted":73,"minecraft:eat_cake_slice":1,"minecraft:leave_game":2,"minecraft:time_since_death":217782,"minecraft:climb_one_cm":5693,"minecraft:sprint_one_cm":531988,"minecraft:walk_one_cm":610978,"minecraft:damage_blocked_by_shield":340,"vampirism:interact_with_totem":6,"minecraft:drop":76,"minecraft:talked_to_villager":7,"minecraft:play_time":217782,"minecraft:sneak_time":7255,"minecraft:walk_under_water_one_cm":377,"minecraft:jump":3562,"minecraft:interact_with_brewingstand":3,"minecraft:interact_with_blast_furnace":6,"minecraft:walk_on_water_one_cm":1167,"minecraft:total_world_time":217782,"minecraft:interact_with_furnace":59,"tombstone:raider_killed":2,"minecraft:traded_with_villager":1,"minecraft:interact_with_cartography_table":1,"vampirism:interact_with_garlic_diffuser":2,"minecraft:interact_with_grindstone":1,"minecraft:sleep_in_bed":18,"minecraft:time_since_rest":18652,"minecraft:waystone_activated":2,"minecraft:damage_taken":1553,"minecraft:damage_dealt":5157,"minecraft:fly_one_cm":576571,"minecraft:open_chest":80,"minecraft:crouch_one_cm":23568,"tombstone:undead_killed":15,"minecraft:fall_one_cm":102879},"minecraft:broken":{"minecraft:stone_axe":1}},"DataVersion":3465}