{"stats":{"minecraft:picked_up":{"minecraft:crafting_table":4,"minecraft:azure_bluet":1,"minecraft:lead":1,"minecraft:wooden_pickaxe":2,"minecraft:brick":20,"minecraft:shield":1,"paraglider:goddess_statue":1,"minecraft:string":6,"minecraft:red_bed":2,"minecraft:item_frame":1,"minecraft:cracked_stone_bricks":2,"minecraft:beef":13,"minecraft:cobblestone_slab":8,"dynamictrees:oak_seed":2,"minecraft:egg":2,"minecraft:iron_boots":1,"minecraft:furnace":2,"minecraft:stick":20,"minecraft:raw_iron":74,"minecraft:torch":2,"blue_skies:lunar_cobblestone":5,"minecraft:rotten_flesh":3,"minecraft:hay_block":15,"minecraft:cobblestone":271,"minecraft:birch_log":11,"minecraft:leather":5,"minecraft:birch_planks":1,"alexsmobs:bison_fur":1,"paraglider:spirit_orb":6,"minecraft:flint":1,"minecraft:oak_log":9,"minecraft:cobblestone_stairs":2,"mca:book_romance":1,"minecraft:dirt":6,"minecraft:lantern":1,"minecraft:bone":2,"minecraft:stone_bricks":2,"minecraft:wheat_seeds":2,"minecraft:stone_pickaxe":1,"dynamictrees:birch_seed":6,"vampirism:item_garlic":1,"minecraft:iron_ingot":8,"minecraft:cooked_chicken":1,"minecraft:oak_planks":1,"minecraft:gravel":3,"vampirism:crucifix_normal":1,"minecraft:birch_stairs":1,"justhammers:stone_hammer":1,"minecraft:white_bed":3,"alexsmobs:animal_dictionary":1,"minecraft:stone_axe":1,"minecraft:golden_apple":1,"minecraft:coal":67},"minecraft:used":{"minecraft:shield":2,"minecraft:torch":46,"minecraft:dirt":2,"minecraft:spyglass":83,"minecraft:wooden_axe":6,"minecraft:iron_helmet":1,"minecraft:furnace":4,"minecraft:oak_sapling":2,"minecraft:egg":1,"minecraft:cooked_beef":1,"minecraft:iron_leggings":1,"minecraft:birch_planks":6,"minecraft:stone_pickaxe":136,"minecraft:oak_planks":4,"minecraft:wooden_pickaxe":1,"minecraft:crafting_table":5,"minecraft:red_bed":2,"minecraft:white_bed":2,"minecraft:apple":11,"minecraft:melon_slice":2,"minecraft:bread":25,"minecraft:iron_pickaxe":1,"justhammers:stone_hammer":63,"minecraft:stone_axe":106,"minecraft:cooked_porkchop":1,"alexsmobs:animal_dictionary":1},"minecraft:mined":{"minecraft:white_bed":3,"blue_skies:lunar_cobblestone":5,"minecraft:cobblestone_stairs":3,"blue_skies:moonstone":1,"minecraft:grass_block":4,"minecraft:spawner":3,"minecraft:hay_block":15,"dynamictrees:oak_leaves":8,"minecraft:furnace":2,"minecraft:iron_ore":15,"minecraft:azure_bluet":1,"minecraft:bookshelf":2,"minecraft:iron_bars":1,"minecraft:lantern":1,"minecraft:stone":75,"minecraft:glass_pane":2,"minecraft:red_bed":2,"minecraft:crafting_table":4,"minecraft:torch":4,"minecraft:tall_grass":1,"minecraft:cobblestone":3,"biomesoplenty:huge_clover_petal":28,"minecraft:wall_torch":1,"dynamictrees:birch_leaves":5,"minecraft:grass":20,"biomesoplenty:clover":36,"minecraft:coal_ore":22,"minecraft:gravel":4,"minecraft:cracked_stone_bricks":5,"minecraft:stone_bricks":4,"paraglider:goddess_statue":1},"minecraft:crafted":{"minecraft:furnace":3,"minecraft:stone":10,"minecraft:iron_axe":1,"minecraft:chest":1,"sophisticatedbackpacks:iron_backpack":1,"minecraft:wheat":126,"minecraft:cooked_beef":11,"blue_skies:blue_journal":1,"sophisticatedbackpacks:backpack":1,"minecraft:crafting_table":2,"minecraft:wooden_pickaxe":1,"minecraft:iron_helmet":1,"minecraft:birch_planks":44,"minecraft:stone_axe":1,"minecraft:bread":18,"minecraft:air":0,"minecraft:iron_chestplate":1,"justhammers:stone_hammer":2,"minecraft:stick":16,"minecraft:iron_ingot":102,"minecraft:iron_pickaxe":1,"minecraft:wooden_axe":1,"minecraft:iron_leggings":1,"minecraft:torch":20},"minecraft:dropped":{"minecraft:bread":1,"minecraft:wheat_seeds":1,"minecraft:cooked_beef":6,"minecraft:apple":4,"minecraft:leather":1,"minecraft:golden_apple":1,"minecraft:emerald":3,"minecraft:flint":1,"minecraft:cobweb":3,"mca:book_romance":1,"minecraft:melon_slice":2,"alexsmobs:animal_dictionary":1,"justhammers:stone_hammer":2,"minecraft:stone_pickaxe":1,"minecraft:wooden_pickaxe":2,"minecraft:brick":10,"minecraft:egg":2},"minecraft:killed":{"alexsmobs:raccoon":2,"minecraft:spider":1,"minecraft:skeleton":4,"minecraft:horse":3,"alexsmobs:bison":1,"alexsmobs:grizzly_bear":1,"minecraft:zombie":3,"minecraft:cow":4},"minecraft:custom":{"minecraft:interact_with_smithing_table":2,"minecraft:mob_kills":19,"minecraft:interact_with_crafting_table":30,"minecraft:open_barrel":4,"minecraft:bell_ring":6,"minecraft:eat_cake_slice":1,"minecraft:leave_game":2,"minecraft:time_since_death":157782,"minecraft:climb_one_cm":5693,"minecraft:sprint_one_cm":387740,"minecraft:walk_one_cm":401828,"minecraft:damage_blocked_by_shield":110,"vampirism:interact_with_totem":6,"minecraft:drop":28,"minecraft:talked_to_villager":7,"minecraft:play_time":157782,"minecraft:sneak_time":5369,"minecraft:jump":2546,"minecraft:interact_with_brewingstand":3,"minecraft:interact_with_blast_furnace":6,"minecraft:walk_on_water_one_cm":979,"minecraft:total_world_time":157782,"minecraft:interact_with_furnace":57,"minecraft:traded_with_villager":1,"minecraft:interact_with_cartography_table":1,"vampirism:interact_with_garlic_diffuser":2,"minecraft:sleep_in_bed":13,"minecraft:time_since_rest":3645,"minecraft:waystone_activated":1,"minecraft:damage_taken":1035,"minecraft:damage_dealt":3010,"minecraft:fly_one_cm":450707,"minecraft:open_chest":53,"minecraft:crouch_one_cm":17625,"tombstone:undead_killed":7,"minecraft:fall_one_cm":78220}},"DataVersion":3465}